tweetid,text,spots
38718458162184192,"Someone hit me at the slopes yesterday, so no more snowboarding this week! My neck hurts :(","['me', 'week', 'hit', 'neck', 'this', 'this week', 'yesterday', 'hit me', 'hurts', 'snowboarding', 'slopes', 'more', 'no more']"
43599931201687552,"Sears 4Q earnings fall, adj. results top Street - http://newzfor.me/0/24","['top Street', 'ad', 'top', '4Q', 'Sears', 'Street', 'earnings', 'fall']"
25426785378242560,  http://on.fb.me/hZR1UJ,[]
7168563521527808,Infinite Arms now only $6.99 at Amazon MP3 (http://amzn.to/f11iFt ) for rest of November with this coupon http://amzn.to/hCBCT3 . (US only),"['US', 'Amazon MP3', 'Arms', 'rest', 'coupon', 'Amazon', 'Infinite Arms', 'MP3', 'Infinite', 'now']"
48593091967451137,@Tayla_B don't take brownies from strangers!!!! (you're welcome),"[""you're"", 'don', 'brownies', 'welcome', 'strangers', ""you're welcome"", 'Talya']"
46262052821536768,My prayers and love go out to our brothers and sisters in Japan.,"['and', 'love', 'brothers', 'prayers', 'brothers and sisters', 'sisters', 'go', 'Japan', 'out']"
50271243559124992,5 Ways Retailers Are Winning Big With Facebook Commerce - http://on.mash.to/fqAEn9,"['Big', 'Facebook', 'Retailers', 'Commerce']"
49897323517583360,Tune into #msnbc for live cvg of Obama mini-press avail in Chile. About 2 mins away. #libya,"['libya', 'away', 'avail', 'live', 'Chile', 'cvg', 'msnbc', 'mins', 'Tune', 'Obama']"
49748582445744129,Don't u hate when u go to sleep then wake up with a stuffy nose? #annoyed,"['Don', 'u go', 'wake', 'up', 'to', 'u', 'nose', 'wake up', 'go', 'sleep', 'go to sleep', 'hate', 'stuffy', 'stuffy nose']"
14216474134577152,I enjoyed my meeting yesterday with former President Bill Clinton as we exchanged views on many topics including healthcare and education,"['exchanged', 'we', 'Clinton', 'views', 'Bill Clinton', 'topics', 'Bill', 'yesterday', 'healthcare', 'President', 'education', 'meeting']"
27491716130934784,BOH and Cee Lo Green Split 7 Now Available at Indie Retail: http://bit.ly/geGSPD,"['Cee', 'Retail', 'Indie', 'Lo', 'BOH', 'Green', 'Split', '7', 'Now', 'Cee Lo Green']"
43418534432350208,#igotthehottestchickinthegamewearingmychain,[]
47526775621816321,"It's a completely relevant way to answer the phone, MARtin RT @martinTHESET: ""And then I said, KEYTAR??.....whyyy NOT?"" - @emilyosment","['RT', 'relevant', 'phone', 'KEYTAR', 'way', 'MARtin', 'answer', 'the']"
49279087482650624,@Prilskii I'm in the A!!!,[]
43711491152691200,"LOL, I love chatting to crazy academics.",[]
43465352172150784,RT @PusseePosse: I hate you! Lol RT @DontTweetMeHOE Fuck PETA *cuts my steak while wearing my leather coat & puppy fur slippers*,[]
47801173515829248,a little piece of an unfinished thing from a work in progress. http://www.twitvid.com/FT9SZ,[]
48345724227821568,And still the #RND stuff pours in... Odd things I've done for Comic Relief over the past 20 years http://t.co/Ue7Fc3W,"['Comic Relief', 've', 'RND', 'past', 'stuff', 'Relief', 'Comic', 'still', 'Odd']"
49711933183635456,genius or clueless? hard to say. RT @rougevelvet Someone at JB HiFi with a sense of humour? http://yfrog.com/gygvnuxj,"['RT', 'clueless', 'JB HiFi', 'humour', 'to', 'of', 'hard', 'HiFi', 'genius', 'say', 'sense', 'sense of humour', 'JB']"
17958624957566976,The Devil is a liar! Thank God for giving you to chance to see this beautiful morning. I'm thankful and very blessed.,"['beautiful', 'Devil', 'liar', 'God', 'blessed', 'morning', 'thankful', 'chance', 'beautiful morning', 'you', ""I'm""]"
49904154927308801,"Pres. Obama reiterates ""US policy"" that Khadaffi has to go but separates it from the military campaign. sticking to humanitarian effort","['military campaign', 'campaign', 'humanitarian', 'US', 'go', 'separates', 'policy', 'military', 'Pres', 'Obama']"
46428897868386304,We must get out of this Slump. We have to stay together. Go Hawks!,"['We', 'stay together', 'get', 'Hawks', 'Slump', 'stay', 'must get out', 'together', 'Go', 'out', 'must']"
50035202294169600,"RT @stacyherbert: U.S. fires 110 tomahawk missiles, each costs $569,000.  That's more than 5  years of NPR federal funding in less than  ...","['RT', '5 years', 'missiles', 'funding', 'federal', 'tomahawk', 'tomahawk missiles', 'years', 'fires', 'costs', '5', 'federal funding', 'NPR', 'more']"
50166390631579649,"Had one of the best nights of my life at the premiere of Betty Blue Eyes at the Novello. All of Alan Bennett's wit, plus a wonder pig. Run!","['Blue', 'one', 'wit', 'best', 'wonder', 'Eyes', 'nights', 'Run', 'Alan', 'life', 'my life', 'premiere', 'Novello', 'Betty', 'Alan Bennett', 'the best', 'pig', 'Bennett', 'Betty Blue Eyes', 'plus', 'the', 'my']"
50035015194648576,@yosoyjuanson are you REALLY in tasmania?? go to the MONA MUSEUM!! email me & i'll tell you who to talk to there!!!,"['me', 'll', 'MONA', 'MUSEUM', 'who', 'email', 'tell', 'are', 'go', 'you', 'tasmania', 'talk']"
50033711361699840,@neilhimself are you following 666 people on PURPOSE?,"['you', 'PURPOSE', 'are', 'people']"
43592597301764097,Sceptics unconvinced as concerns remain about mogul's media dominance - http://newzfor.me/0/1m10,"['mogul', 'dominance', 'Sceptics', 'media']"
50036269878755328,@yosoyjuanson HA. i could so take that the wrong way. big kiss & i hope i get to see you in NYc soon. JUAAAAAAAAAAAAAAAAAAAAAAN #1,"['kiss', 'that', 'big', 'wrong way', 'see', 'to', 'wrong', 'NYc', 'take', 'way', 'i hope', 'take that', 'you', 'see you', 'way big', 'hope', 'to see you']"
50008872756318208,today is world forest day!!! forests are super important to all of us in AFF. do you have pictures of your favorite foresty spots?,"['do', 'all', 'all of us', 'do you', 'of', 'AFF', 'pictures', 'favorite', 'forests', 'us', 'forest', 'world', 'world forest day', 'you', 'super', 'day', 'today']"
48448931780247552,A little more about my dad: http://bit.ly/gGhEGN #fgs,"['dad', 'little', 'fgs', 'little more', 'more']"
48240787942682624,@PerezHilton wooohooo! Welcome back home slice ;),[]
43720652296949760,UPDATE 1-CIC official: not heard of plans to buy Glencore stake - http://newzfor.me/0/1ff1,"['CIC', 'buy', 'Glencore', 'official', 'UPDATE', 'stake', 'heard']"
50171081218195456,"By the way, if you liked Fast and Loose from @1danpatterson, there's a petition to keep it going here - http://t.co/zF831OA",[]
50188961729085440,lately @zoecello & @kristinhersh. @ RT @NMEmagazine - who are your favourite musicians to follow on Twitter?,"['RT', 'on', 'favourite', 'Twitter', 'who', 'follow on', 'musicians', 'follow', 'lately']"
43013322643218432,"Word Lens -- translate printed words instantly using your iPhone 4, 3gs, or iTouch 4 video camera ://questvisual.com/",[]
43303865902301184,"#americanidol lauren Alaina killed it ,","['lauren Alaina', 'lauren', 'americanidol', 'killed', 'Alaina']"
28867146285,It is with sadness that we mourn the late Sheikh Saqr bin Mohammad AlQassimi & we ask the Almighty to rest his soul in eternal peace,"['bin', 'Mohammad', 'we', 'peace', 'eternal', 'soul', 'rest', 'Sheikh', 'Almighty', 'sadness', 'mourn', 'ask', 'eternal peace']"
49759546402545665,Photo http://goo.gl/fb/o6AE2,['Photo']
43708316169412608,"im #teamkim @lilkim cause she keep it 100,#truthteller",[]
47600772791279617,Good HIV charity just launched on Twitter! Do RT and follow @PositiveEast for updates of their goings on and great ways to get involved,"['RT', 'Do', 'Good', 'HIV', 'get', 'involved', 'Twitter', 'updates', 'get involved', 'follow', 'launched', 'charity']"
42934725425373184,Website usability - diarise watching someone using your site every month. You'll learn a lot about the 'user experience' you provide.,"['Website', 'watching', 'Website usability', 'll', 'experience', 'month', 'user experience', 'user', 'lot', 'learn', 'You', 'usability']"
48420442393939968,White House says Obama will deliver a statement on Japan in the Rose Garden at 3:30 P.M. ET,"['White House', 'M', 'Garden', 'Rose', 'House', 'ET', 'deliver', 'will', 'P', '3', 'at', 'statement', 'Rose Garden', 'Japan', 'White', 'P M', 'Obama']"
49277674291593218,RT @TeddyRuxpinGQ: Must we take everything to the twitter....geesh I ain't no puntaaaaaaaaaaaaaa&lt; ROFL! I keep my pajamas clean!,"['RT', 'we', 'twitter', 'ain', 'ROFL', 'everything', 'take everything', 'take', 'clean', 'keep', 'pajamas', 'Must']"
49238220097077248,@iAmJmoreen Prayin for ya!,"['ya', 'Praying']"
42942980734193664,How to pick a digital agency: choose them on their work and not only on their reputation.,"['agency', 'to', 'How to', 'How', 'digital agency', 'digital', 'pick', 'work', 'reputation']"
50257816258232321,Firefox 4 Has Arrived - http://on.mash.to/dYE6Fu,"['Firefox', '4', 'Firefox 4']"
48732339039248384,Amazing Johann Hari interview with Gideon Levi. What a man. http://t.co/FEX5MY9,"['What', 'Johann Hari', 'Hari', 'a man', 'Johann', 'Gideon', 'Amazing', 'interview', 'Levi', 'man']"
40763853595877376,Most of todays challenges go beyond national borders. Many are inter-related. And no country can tackle them on its own,"['national borders', 'beyond', 'country', 'national', 'tackle', 'can', 'go', 'no country', 'borders', 'inter']"
49574631132233729,RT @TeddyRuxpinGQ: #100FactsAboutMe @NICQUEENCOLE is my favorite cousin...&lt; AWw love you cuz!,"['RT', 'love', 'favorite', 'my favorite', 'cuz', 'love you', 'cousin', 'you', 'my']"
49282351712317440,trying to figure out when and where @mountkimbie is playing tonight... They are awesome!,[]
48286627071668224,On my way to Poland to meet president Komorowski and prime minister Tusk. #NATO,"['prime', 'On', 'my way', 'Poland', 'Tusk', 'prime minister', 'NATO', 'minister', 'way', 'On my way', 'president', 'Komorowski', 'my']"
49715426787205120,poetry yes math no,"['yes', 'poetry', 'math']"
48942538270318592,"Tough loss for us tonight. I know it's hard fans, but stay with it. We have to get off this slump and get it right! Go Hawks","['right', 'hard', 'it', 'tonight', 'I know', 'We', ""it's"", 'fans', 'get it right', 'Hawks', 'get', 'I', 'slump', 'stay', 'stay with it', 'know', 'off', 'with', 'Tough loss', 'loss', 'Tough', 'this', 'us', 'Go', 'get off this']"
43659746804371456,@ScotsCraigy Ouch!,[]
46198305050464256,Japan is one of NATOs global partners. On behalf of our Allies I want to extend our heartfelt condolences to those who have lost loved ones,"['partners', 'who', 'Allies', 'global partners', 'lost', 'loved ones', 'I', 'heartfelt', 'global', 'to', 'ones', 'want', 'Japan', 'condolences', 'loved']"
49422328282615808,@BellaHellaFlyy love you too!,[]
44908638015459328,@TeensInLove that is the greatest piece of shit I've ever read in my life.,[]
48704599829397504,"Happy #RND all. Here's the RedTweetDay schedule, http://bit.ly/redtweetday @MrsStephenFry will be there...",[]
45777452445876225,Meeting NATO's Defence Ministers today to discuss Libya,"['Defence', 'Libya', 'Ministers', 'NATO', 'Meeting', 'today']"
48095255081394176,Can we stop ganging up on 13 year-old Rebecca Black for making crappy music and start ganging up on 36 year-old Will.i.am?,"['we', 'Rebecca Black', 'old', 'Will.i.am', 'stop', 'up', 'crappy', 'Can we', 'start', 'Black', 'Can', 'music', 'Rebecca']"
47745807713181696,"RT @jesselabelle: Writing session with @EmilyOsment today. Bring the soul, sister.",[]
50071214978379776,RT @greendiarist: @AFineFrenzy I always spend my summer here! An old-growth forest within the Sipalay island in the Philippines! http:// ...,"['RT', 'summer', 'old', 'old-growth forest', 'always', 'Philippines', 'old-growth', 'here', 'growth', 'forest', 'island', 'old growth', 'Sipalay']"
48369250443862017,The sooner the United Nations can reach an agreement on #Libya the better. #NATO #UN,"['United', 'Libya', 'reach', 'agreement', 'sooner', 'Nations', 'NATO', 'can', 'United Nations']"
43429826794766336,"@kimkardashian i love your new song turn it up ,its on repeat","['up', 'on', 'repeat', 'love', 'on repeat', 'song', 'new song', 'turn it up', 'it', 'turn', 'new']"
49286057589620736,RT @NickSwisher: http://twitpic.com/4b9b49 me and @joannalgarcia at the concert -u both r the cutest! Sweet pic.,"['RT', 'me', 'pic', 'concert', 'Sweet']"
48369113130733568,If #Gadaffi prevails it will send a clear signal that violence pays. #NATO #Libya,[]
49864149886451713,So much fun! :) RT @ABofficialsite: Adrienne at her shoot yesterday!! http://t.co/7ZniC1V @Adrienne_Bailon,"['fun', 'RT', 'yesterday', 'shoot', 'Adrienne_Bailon']"
44842960503844864,Hey guys: get ready for Spring tour ticket giveaways! Stay tuned to my Facebook page for more info!,"['info', 'get', 'Spring', 'Hey', 'Stay', 'ready', 'tour', 'Stay tuned', 'Facebook', 'get ready', 'ticket', 'guys', 'page']"
50122115717935104,In the clouds for the day. Hit yall manana. Peace,[]
49328793147547648,Thank you #PeterKinder. #fgs,[]
47600028063240192,Enjoying my short Twitter holiday. Been away. Back in London now...,"['now', 'short', 'Twitter', 'Back', 'London', 'holiday', 'away']"
46376854361358336,heading back to the big apple 4 a quick trip. need a late night restaurant suggestion. got any?,"['apple', 'restaurant', 'big', 'back', 'trip', 'late', 'big apple', 'suggestion', 'night', 'quick', 'late night restaurant', 'heading']"
50059683775524864,RT @VINNYGUADAGNINO: #quickquestion @Adrienne_Bailon if we are both #scorpios would we have extra passionate #sexytime? @akrpr #akrapproved?,"['RT', 'both', 'we', 'extra', 'sexytime', 'we are both', 'are', 'scorpios', 'Adrienne_Bailon', 'if']"
49911784903159808,Nag Champa is the best smelling incense ever. http://goo.gl/fb/G48Ng,"['Nag', 'incense', 'Nag Champa', 'Champa', 'smelling', 'the best', 'the', 'best']"
48767225280208897,RT @winduprecords: Check out an exclusive video on @cambioconnect & go record shopping w/ @EmilyOsment ! http://ht.ly/4hizD,"['RT', 'exclusive', 'shopping', 'record', 'video', 'go', 'Check', 'out']"
49566295309557760,"#100factsaboutme1 I am a child of the eternal God, The father of Jesus Christ,  The Omnipotent","['Christ', 'eternal God', 'I', 'eternal', 'am', 'God The father', 'father', 'God', 'Jesus Christ', 'child', 'I am', 'The', 'Jesus', 'Omnipotent']"
43426233333202945,For all your pop/dance/r&b and hip hop needs check out http://www.cicisnap.com/,"['hip', 'r b', 'dance', 'pop', 'r', 'hip hop', 'hop', 'b', 'check', 'out']"
47650726545063937,http://marionravn.blogg.no/1300195403_japan_i_mitt_hjerte.html#comment http://fb.me/Rsej2isb,[]
43562240208670720,Former radio host rejects Ponzi scheme claims - http://newzfor.me/0/o7u,"['Ponzi', 'radio host', 'Ponzi scheme', 'host', 'radio', 'claims', 'scheme']"
49910000776257536,Rehearsing for the tour today. Looking forward to seeing you all...my friends. ROCK THIS LIFE!,"['seeing', 'all', 'Rehearsing', '...', 'THIS', 'friends', 'LIFE', 'you all', 'tour', 'ROCK', 'forward', 'you', 'THIS LIFE', 'my', 'today']"
49259608937742336,@latanyawade Hey Hun! Long time!,[]
50015972639248384,@RegsCoffeeHouse Awe!!! REGGGGGG!!!! Hope to see u soon! I miss U and Bham!!,[]
50165550587985920,"I'll be supporting ""Team GB"" in lots of events in #London2012 Apply for your once-in-a-lifetime tickets here: http://t.co/D57gItF Do RT!",[]
48373051166961664,"#NATO stands ready to protect the civilian population if there is a demonstrable need, clear legal basis and strong regional support. #Libya","['strong', 'stands', 'Libya', 'civilian', 'clear', 'basis', 'legal', 'regional', 'NATO', 'ready', 'if', 'support', 'population']"
43668387989172224,General Atlantic to purchase 2.5m Facebook shares - report - http://newzfor.me/0/1qr1,"['purchase', 'm', 'shares', 'General', 'Facebook', 'Atlantic', 'report', 'General Atlantic', '2.5']"
48810648712392704,RT @CADelargy: Obama almost 15mins late... wonder if he's watching college hoops. Less than 2mins left in Texas Oakland game #NCAA #Marc ...,"['RT', 'Obama', 'Oakland', 'watching', 'college hoops', 'Marc', 'NCAA', 'game', 'college', 'left', 'if', 'hoops', 'Texas', 'wonder']"
50033917092311040,"@yosoyjuanson thank you for sending me the new record!!! i just got home and i can't wait to listen to it. you are amazing, juan.","['thank', 'juan', 'thank you', 'record', 'amazing', 'you are', 'are', 'home', 'new', 'you', 'listen', ""can't"", 'wait']"
45179621343367168,"So excited to announce I'll be singing ""God Bless America"" during the 7th Inning Stretch at the Detroit Tigers... http://fb.me/VxtfrHRP","[""I'll"", 'be', 'Tigers', 'Bless', 'So excited', 'Inning', 'Stretch', 'God', 'll', 'Detroit', 'Detroit Tigers', ""I'll be"", 'So', '7th Inning Stretch', '7th', 'America', 'singing', 'excited', 'God Bless America']"
48431134803116032,"Checking in from beautiful Austin, TX... Not finding much time to get on Facebook ;) This year's SXSW is pretty amazing!!","['beautiful', 'SXSW', 'TX', 'Checking', 'Austin TX', 'amazing', 'Facebook', 'time', 'pretty', 'in', 'Austin', 'Checking in']"
46343099991072769,My thoughts go out to everyone in Japan!!,"['everyone', 'My thoughts', 'go', 'Japan', 'My', 'thoughts', 'out']"
49208114750300160,State of MO will begin seeking comments on 4/15 re: new standards for school accreditation. #fgs,"['begin', 'new standards', 'accreditation', 'MO', 'school', 'comments', 'standards', 'will', 'State', 'new', 'fgs', 'school accreditation']"
43001038525054978,How to work with your agencies: bring them into the team but don't outsource your imagination to them.,"['imagination', 'How to', 'don', 'to', 'work', 'agencies', 'How', 'outsource', 'your imagination', 'team', 'your']"
43714896562626560,"@JFN1985 lol, *snatches bottle of vodka and smashes it*  No booze around me!","['me', 'vodka', 'lol', 'smashes', 'booze', 'bottle']"
48474491709431808,"RT @CAMBIOCONNECT - Exclusive: Emily Osment Talks Inspiration, Tour & More - : http://aol.it/hRIMnS",[]
44590727145066497,@danieltosh new stand up special making me cry laughing. jesus christ he's funny.,"['me', 'christ', 'jesus christ', 'cry', 'up', 'jesus', 'stand', 'stand up', 'special', 'laughing']"
43809286333267968,"@Twelch401 well, maybe. but i'm the BEST at being narcissistic. the  best ever. BO! BO! BO! BO!","['maybe', 'BO', 'well', 'best', ""i'm the BEST"", ""i'm"", 'ever', 'the', 'BEST', 'narcissistic']"
50283529585688576,FitFu Turns Your iPhone Into an Exercise Motivation Tool [VIDEO] - http://on.mash.to/hkpism,"['Motivation', 'Turns', 'Tool', 'VIDEO', 'iPhone', 'Exercise']"
43296868561723392,Online presentations. Try the free trial: http://awe.sm/5GpRs,[]
49926329038159872,MT @sbnation: Barry Bonds is back! His trial began today in San Francisco. Follow @sbnbayarea for updates from the courtroom,"['trial', 'His', 'San', 'Bonds', 'Barry', 'subnational', 'back', 'Barry Bonds', 'MT', 'Francisco', 'updates', 'Follow', 'San Francisco', 'today', 'courtroom']"
43364313414643712,Be like a cat and get the Digital Cream with @econsultancy http://awe.sm/5GpRu,[]
48468038818865152,"Obama says a 50 mile evacuation recommendation ""based on careful scientific evaluation""","['scientific', 'evacuation', 'mile', 'recommendation', 'careful', 'evaluation', 'Obama']"
46789355473338368,Slump is over! Way to ball out Jeff and Damian. Much needed win. Go Hawks!!,"['ball', 'Damian', 'Jeff', 'win', 'Hawks', 'Slump', 'Way', 'Go', 'out']"
43786458078773248,"my intent is to check the tenses, but the flow won't stop/in the FUTURE you'll be PAST out like a PRESENT -- with a bo(w) on top. #shiiiit",[]
43085964503040000,Email Newsletters - if you don't send them then you should. Email is great for building relationships. Try using http://awe.sm/5GpRo,"['building', 'then', 'don', 'relationships', 'Newsletters', 'send', 'Try', 'you', 'Email', 'if']"
50231556454891520,Check out Mashable Explore. A new way to discover resourceful content on Mashable: http://on.mash.to/g1S3FV,"['discover', 'content', 'Explore', 'Mashable', 'way', 'new', 'new way', 'Check', 'out']"
50299763492532224,Why Your Email Inbox Is Bringing Home the Bacon [INFOGRAPHIC] - http://on.mash.to/h1XGJJ,"['Bacon', 'Email', 'INFOGRAPHIC', 'Inbox', 'Home', 'Why']"
49281206327578624,Now I'm off to bed peace n love yall.,"['off', 'peace', 'bed', 'bed peace', 'love', ""I'm"", 'Now', 'yall']"
49942333239734273,"Next stop Cary, North Carolina. Have a good night everyone.","['Cary', 'North', 'good night', 'stop', 'Cary North Carolina', 'Next', 'good', 'everyone', 'night', 'Carolina']"
49659306769006592,it is raining cats and dogs and squirrels and raccoons and branches and everything else here. time to put on twenty layers and hibernate.,"['and', 'raining', 'layers', 'branches', 'raccoons', 'on', 'raining cats and dogs', 'here', 'squirrels', 'everything', 'cats', 'hibernate', 'time', 'put', 'else', 'put on', 'dogs']"
48468754815926272,"The U.S. military is ""working around the clock"" to assist in relief efforts, Obama adds","['around', 'clock', 'assist', 'S', 'U', 'relief', 'military', 'the', 'around the clock', 'Obama']"
43974915245883392,The love of my life was born on this day!!! Happy Birthday Andreas Wiig !!!!!,"['on this day', 'on', 'life', 'Andreas', 'love', 'this', 'my', 'Happy Birthday', 'Andreas Wiig', 'Birthday', 'of', 'Wiig', 'love of my life', 'day', 'Happy']"
48500568909561856,POLL: Organized desk or organized closet? The #STL Scrubby Dutch survey: http://bit.ly/gDUXbN,"['closet', 'STL', 'desk', 'survey', 'Dutch', 'POLL']"
50048333422669825,"Thank u RT @iHonorGod: @Adrienne_Bailon ""Come to me, all you who are weary and burdened, and I will give you rest."" Matthew 11:28 #iHonorGod",[]
48811853480075264,"Obama: Gadhafi ""clearly lost the confidence of his own people""","['Gadhafi', 'confidence', 'lost', 'people', 'the', 'Obama']"
48413875221184512,RT @stlpolitics: Sierra Club urges members to vote for St. Louis earnings tax http://bit.ly/fy3RqN,"['RT', 'earnings tax', 'Club', 'Louis', 'tax', 'St', 'vote', 'Sierra Club', 'members', 'Sierra', 'St Louis', 'earnings']"
49921703605846016,piecing together why i hate the cold so much. one theory: all the wasted mind energy. i feel like 70% of my brain is working on staying warm,"['theory', 'feel', 'energy', 'mind', 'together', 'one', 'brain', 'warm', 'wasted', 'cold', 'hate', 'why']"
10408280941658112,Bill and Cee Lo at the Grammy nomination event in LA last night! http://twitpic.com/3c9ali,"['Cee', 'last', 'Grammy', 'Cee Lo', 'Lo', 'Bill', 'night', 'last night', 'nomination', 'event']"
49502167467442176,"Thanks, again, for all your prayers, thoughts, and stories. I particularly like the stories. #fgs","['again', 'prayers', 'Thanks again', 'fgs', 'stories', 'Thanks', 'thoughts']"
49615927553167360,Fabulous: @Julie_Atherton leads a sensational cast in a Michael Bruce song that'll knock your socks off: http://youtu.be/BVcEXh1Nj2M,"['sensational', 'knock', 'song', 'Bruce', 'll', 'Michael', 'socks', 'cast', 'Fabulous', 'Michael Bruce', 'Julie_Atherton']"
50009475993706496,RT @XBriannasaurX: Oh the beauty of the natural world. @AFineFrenzy  http://t.co/THkMC1x,"['RT', 'natural', 'beauty', 'Oh', 'natural world', 'world']"
46669545750016001,@hazylazydazy Yes,[]
47756030922342400,"Just getting to the Arena, we play the Bucks tonight. Let's get it!","['Arena', ""Let's"", 'we', 'getting', 'get', 'play', 'it', 'tonight', 'Bucks']"
49143879399768064,@hohmannkyle roger roger digable planets loose leaf tite lettuce sweet current @jesselabelle,[]
48913090514927616,what I see when on air. Producer @ishestradacnn (on phone with control room) and @neilhallsworth http://yfrog.com/h2f0mkdj,"['control', 'on air', 'control room', 'room', 'Producer', 'on', 'air', 'phone']"
43714403228598272,@Greigyboii No problems! x,[]
48141481558548480,RT @JoshRamsay: In the studio today with @EmilyOsment working on a rad track. Comparing stories about The New Cities is proving and awes ...,"['RT', 'rad', 'track', 'proving', 'studio', 'In', 'stories', 'the', 'Cities', 'New', 'today']"
50308087302733824,AOL Shutters 30 Brands After Huffington Post Merger [REPORT] - http://on.mash.to/g4HvZG,"['Huffington Post', 'Merger', 'AOL', 'REPORT', 'Brands', 'Post', 'Huffington', 'Shutters']"
48447510817153024,"There have been many cards and calls, but I owe a special thanks to my tweeps. #fgs","['calls', 'owe', 'fgs', 'thanks', 'cards', 'special']"
50187416098713600,Well... Happy Tuesday My Tweethearts! I hope everyone has a blessed day!,"['everyone', 'I', 'Tuesday', 'Well', 'blessed', 'I hope', 'hope', 'Happy']"
49883390995992576,to say Twitter is useful only for solipsistic jottings is like saying pen & paper are useful only for playing Hangman - http://bit.ly/gZKVwn,"['solipsistic', 'Twitter', 'say', 'pen', 'paper', 'Hangman']"
47717459897221120,Daybreak USA with Scott Stapp & Scott West - listen in Dallas!... http://fb.me/WwIN3uhl,"['Daybreak', 'Scott West', 'USA', 'Dallas', 'West', 'Stapp', 'Scott', 'Scott Stapp', 'Daybreak USA', 'listen']"
49670488842186753,hahahahahahahahahahaha @adastra57 don't step in a poodle!,[]
49692198677127168,"At Phoenix airport... A ""Mr. Shlong"" was just called on the loud speaker. No shit.","['Phoenix', 'Shlong', 'Phoenix airport', 'airport', 'speaker', 'shit', 'loud speaker', 'loud', 'Mr']"
42587624631828480,"Charlie Sheen is on my list of ""Top Five People I Want to Meet Before Charlie Sheen Dies.""","['People', 'I', 'Charlie', 'Top', 'list', 'to', 'Charlie Sheen', 'Want', 'my list', 'Five', 'Top Five', 'my', 'Dies', 'Sheen']"
49272176720875521,"@latanyawade K, I'll be there like the 28th",[]
50250766266535936,@ATLjackie @OTOOLEFAN @JoeNBC this study cracks me up. It doesn't actually examine content. What a joke,"['me', 'What', 'cracks', 'joke', 'study', 'up', 'It', 'content']"
49949982064775168,Rhodes singled out a Senate resolution that passed on March 1st which denounced Khaddafy's atrocities. WH says UN rez incorporates it,"['rez', 'March', 'Senate', 'Rhodes', 'March 1st', 'singled out', 'UN', '1st', 'WH', 'resolution', 'atrocities', 'out']"
50261870220820480,New Freestyle Rap iPhone App Could Get You a Record Deal - http://on.mash.to/hYhG0A,"['Record Deal', 'Deal', 'Get', 'Freestyle', 'App', 'Freestyle Rap', 'Record', 'iPhone', 'Rap', 'Get You', 'You']"
50046482648281088,I find no rest...,[]
50192920229314560,"I love the human race. ""Crane folding for Japan"". Sounds so daft, but is actually rather beautiful: http://t.co/Er4Yd9k","['beautiful', 'love', 'Sounds', 'I', 'daft', 'I love the', 'race', 'human', 'Japan', 'human race', 'folding', 'the', 'Crane']"
10418016713973762,I would like to congratulate Qatar on their win to host the World Cup in 2022. This victory is an achievement for all Arab countries,"['congratulate', 'Qatar', 'World Cup', 'win', 'Cup', 'Arab', 'host', 'Arab countries', 'victory', 'World', 'countries', 'achievement']"
49715944603389952,RT @xLanceHorne: Poetic. Final answer? http://plixi.com/p/85710384,[]
49716094667210752,i vote yes. RT @xLanceHorne Poetic. Final answer? http://plixi.com/p/85710384,[]
49884813343195137,"RT @chadholbrook: @amandapalmer There are 2,220,000 results to typing ""hangman online"" into google. Looks like pen and paper lose again.",[]
50071068525862912,RT @jsufan: @AFineFrenzy local forest: http://tumblr.com/xps1uevr6z,"['RT', 'local', 'forest']"
47350234778574850,@Feminine_Eminem wow really?? That's awesome! I'll have the studio version out soon hopefully.,"['wow', 'Eminem', 'Feminine', 'version', 'studio', 'hopefully', 'll', 'awesome', 'out']"
48772128782295040,Video blog: A strong message to stop violence - http://bit.ly/dLRf6j - #Libya #UN #NATO #Gaddafi,"['Video blog', 'Libya', 'violence', 'stop', 'blog', 'UN', 'Video', 'Gaddafi', 'stop violence', 'NATO', 'message', 'strong']"
50249819159146496,"Good job NFL, way to take kickoffs out of the game. #dumb @WTOP: NFL kickoffs moved to 35, touchbacks stay at 20  http://bit.ly/gs6uOd #wtop","['kickoffs', 'WTOP', 'Good', 'of', 'NFL', 'game', 'stay', 'job', 'dumb', 'way', 'Good job', 'the', 'out']"
47177996783726593,RT @cnnbrk: rescue efforts under way #quake http://on.cnn.com/dXfIGI #Pray4Japan -send luv & light 2 all that R suffering & if u cn donate.,"['RT', 'all', 'cn', 'rescue', 'luv', 'that', 'all that', 'light', 'send', 'suffering', 'way', 'quake', 'donate', 'if']"
49222663318679552,Sweet 16! What a good feeling. Keep it going... Go Gators!!!,"['good', '16', 'Sweet 16', 'Keep it going', 'Keep', 'Gators', 'going', 'Sweet', 'it', 'feeling', 'good feeling']"
48533257020641280,E Schmitt's SB390 may be the most important economic dev bill the State Senate will consider this year. #fgs,"['this', 'Schmitt', 'consider', 'consider this', 'may', 'State Senate', 'dev', 'fgs', 'will', 'Senate', 'State', 'economic', 'bill']"
49963237835407360,:) My mom surprised me and came over with my Favorite... Nuts for nuts roasted peanuts! #smallthingsbigjoy,"['me', 'My', 'Favorite', 'my Favorite', 'mom', 'peanuts', 'My mom', 'my']"
28867096610,"                  . ""    """,[]
45538035588268033,Enter to win FREE tickets to my Houston show March 29th! http://fb.me/Syn4urDt,"['tickets', 'Houston', 'March', 'March 29th', 'show', 'win', '29th', 'FREE', 'to', 'Enter']"
49295890829156352,Dad doing his best charlie sheen impression. WINNINGGGGGG. http://plixi.com/p/85388525,"['Dad', 'impression', 'his', 'doing', 'charlie', 'doing his best', 'charlie sheen', 'sheen', 'best']"
43728233082003456,UPDATE 1-Finmeccanica to sell power unit to First Reserve-source - http://newzfor.me/0/1ef1,"['sell', 'power', 'Finmeccanica', 'reserve', 'UPDATE', 'power unit', 'source', 'First', 'unit', 'First reserve']"
46015149093552128,"I hate grammar nazis, punctuation klansmen and spelling pedophiles. #peace","['klansmen', 'peace', 'grammar', 'grammar nazis', 'punctuation', 'spelling', 'hate', 'nazis', 'pedophiles']"
48531204248580096,"@EmOsmentChile I wish I had your economy class, daaaaaayum","['I wish', 'wish', 'economy class', 'I', 'wish I', 'class', 'economy']"
49384504019795968,Morning tweet fam,[]
47376375765680129,"RT @EducationFTI: Tweets to 6.5 million followers in the name of #girlseducation: Thanks @Shakira, @jessicaalba and @angeliquekidjo! htt ...","['RT', 'name', 'of', 'million', 'htt', 'followers', 'Thanks', 'in', 'Tweets', 'the', 'Shakira']"
17444585848446976,::jada voice:: Aaahhhhhaaaaaa,[]
49921983802114048,#100factsaboutme I would never list 100 facts about me on twitter. Maybe 10! Lol.,[]
47366793404235776,"@Feminine_Eminem thanks! I tried to be real about how angry these kids are. And how ""it's get's better"" is a bit of an over-simplification","['real', 'be', 'kids', 'tried', 'to', 'I', 'angry', 'these kids', 'Eminem', 'to be real', 'Feminine', 'these', 'thanks', 'be real', 'bit', 'I tried']"
50071335975653376,RT @shakeitouttt: @AFineFrenzy A park right up the street from my school.. It holds an absurd amount of wonderful memories. (: http://t ...,"['RT', 'school', 'right', 'my school', 'memories', 'park', 'up', 'street', 'absurd', 'wonderful', 'my']"
49348794709577728,RT @__CellarDoor__: from Tokyo. Peace@AFineFrenzy  http://yfrog.com/h729hfwj,"['RT', 'Peace', 'Tokyo']"
49901538012971008,"RT @michaelpfalcone: As Obama speaks, countdown clock on @timpawlenty's Facebook page hits T-minus 27 to the announcement","['RT', 'hits', 'T-minus', 'clock', 'minus', 'countdown', 't minus', 'countdown clock', 'Facebook', 'page hits', 'page', 'Obama']"
46234634299772928,"Feliz Viernes! Aqui en Chicago, jugamos esta noche. Go Hawks!",[]
19200634553106432,Square biz.,[]
44815766364758016,Wow 11 000 likes on facebook :) !! http://www.facebook.com/pages/Marion-Raven/78524277820 http://fb.me/V5H7PW0l,"['Wow', 'facebook', 'likes']"
26000235377463296,"BOH to appear on Austin City Limits airing this Saturday, January 15th. Check local listings for show times: http://austincitylimits.org/","['City', 'Limits', 'show', 'January', 'local', 'January 15th', 'Check', 'BOH', 'Austin City Limits', 'times', 'Austin', 'Saturday', '15th']"
49014456054857728,"At Narita airport, watching @arwacnn report in Benghazi. So much for Gadhafi's ceasefire. How quickly will the int'l community respond?","['Benghazi', 'Gadhafi', 'watching', 'int', 'respond', 'Narita', 'community', 'will', 'airport', 'report', 'ceasefire', 'Narita airport']"
33442468166897664,"Hr meg p filmpolitiet p P3 i dag :) og se meg p ""fredag"" TV2 i kveld!",[]
46576709331451904,RT @Spidey_4: did u find a good nyc restaurant last nite? -yes! We went 2 lucky strike - awesome french bistro style & gr8 music.,"['awesome', 'style', 'yes', 'lucky strike', 'RT', 'We', 'music', 'nite', 'strike', 'We went', 'last nite', 'bistro', 'good', 'lucky', 'french', 'did u', 'nyc', 'last', 'Spidey', 'restaurant', 'did', 'gr8', 'u', 'went']"
46842662942289920,VIP packages just went on sale for my El Cajon (San Diego) show April 3rd! Buy them directly on my website.... http://fb.me/INTH2Y3a,"['Cajon', 'El', 'April', 'Buy', 'San', '3rd', 'Diego', 'San Diego', 'VIP', 'sale', 'website', 'April 3rd', 'El Cajon', 'show', 'packages']"
48958274778828800,Little Dragon I saw this band yesterday and fell in love... http://goo.gl/fb/N6u4p,"['Little', 'love', 'yesterday', 'Dragon', 'band', 'fell', 'Little Dragon', 'saw']"
49291616581722112,"RT @TheDailyLove: RT @MastinKipp: Instead of getting caught up, decide to let go",[]
48104098721050624,@Always_Fierce will.i.am is not a genius. you may be confusing him with will.i.am shakespeare.,"['may', 'Always', 'will.i.am', 'genius', 'shakespeare', 'Fierce', 'you', 'him']"
43779608595791872,@fucktyler Hahahahaha you're fucking awesome.,[]
49894146386837504,Awaiting POTUS & Chilean pres for jt presser. 1st time since Libya strkes that Obama has answered Qs http://yfrog.com/h2ldfycxj,"['Chilean', 'Qs', 'presser', 'Libya', 'jt', '1st', 'time', 'POTUS', 'Obama']"
43027354032939008,Any1 else think kim kardashian sound like cassie,"['sound', 'kardashian', 'else', 'kim kardashian', 'kim', 'think', 'cassie']"
47062616882946048,RT @kaddaki: leo & i went 2 #clintonstreetbakingco 2day & we R on a sugar high #heaven! Thx 4 the tip :) http://t.co/QYdnBL1&lt;my pleasure,[]
46670732331188224,God Bless Japan,"['Bless', 'God', 'Japan']"
43620332719976448,"The largest B2B wholesale network of UK wholesalers with a huge wholesale directory featuring hundreds of verified wholesalers, wholesale s","['huge', 'verified', 'network', 'wholesale', 'wholesalers', 'hundreds', 'UK', 'directory', 'B2B']"
48268312085405696,"@mitchelitis hahaha wow, that's actually true, I forgot about that. Method acting? Or maybe we're just secretly madly in love...? hmmm","['secretly', 'about', 'love', 'that', 'Method acting', 'maybe', 'wow', 'in', 'we', 'about that', 're', 'acting', 'madly', 'hahaha', 'true', 'Method', 'hmmm']"
41034955039588352,I have called for an emergency meeting in the North Atlantic Council today to discuss Libya,"['North', 'Libya', 'emergency', 'North Atlantic Council', 'Council', 'Atlantic', 'meeting', 'today']"
49202335787921408,Trying to go to spin lounge... I heard they have free water... #spinsxsw #spinlounge #spinloft #yummywater,"['water', 'I', 'free', 'lounge', 'heard', 'go', 'I heard', 'spin', 'free water']"
49685777046716416,Ahh! RT @LuckiePierre: about to land in LA when the plane shot up and down violently and then full speed up. Now on emer. divert back to LV.,"['RT', 'and', 'land', 'shot', 'full', 'violently', 'up', 'up and down', 'down', 'plane', 'LV', 'back', 'emer', 'full speed', 'divert', 'Now', 'speed', 'speed up']"
18546703174995968,Geesh...I have got to be thee worst gift wrapper ever! Lol Where's @krysdammit_tena when ya need her???,[]
50291346082242560,10 Tips for Posting on Your Brands Facebook Page - http://on.mash.to/hIO8lU,"['Brands', 'Tips', 'Facebook', 'Page']"
40343962950565889,Home sweet home! Welcome jetlag!,"['jetlag', 'sweet', 'Welcome', 'Home', 'home', 'Home sweet home']"
48857561126027265,The bday that never ends! We've now officially crossed countries to celebrate. My boys got me a record player! http://plixi.com/p/85010816,"['me', 'We', 've', 'countries', 'bday', 'My', 'record player', 'player', 'boys', 'crossed', 'now', 'My boys', 'celebrate', 'record']"
49932070495076352,RT @TeamFreshness: If You Love & Support @SkyeTunes @NICQUEENCOLE @crystalisbarbie .. Follow us !!! We're (cont) http://tl.gd/9dghhq,"['RT', 'We', 'Love', 'cont', 'Support', 'us', 're', 'Follow', 'You', 'Follow us', 'If']"
49292804681252864,RT @kmmayo439: @NICQUEENCOLE nobody leaves here without singin the blues......LOL!!&lt; Ha!!!,"['RT', 'leaves', 'nobody', 'here', 'singin', 'LOL', 'the', 'Ha', 'blues']"
50186273138282496,RT @ralphmarston: Strength is when you choose to live as the authentic person you are.,"['RT', 'Strength', 'person', 'live', 'you are', 'are', 'you', 'authentic']"
18794387232268288,Game time.,[]
43721917559091200,"The 3 types of searches people make: Navigational, Informational, Transactional. Optimise your content and website(s) for them all.",[]
46649582242893825,Shooting w the legendary Patrick Demarchelier 2day. He's simply amazing! http://plixi.com/p/83507918,"['Patrick', 'amazing', 'simply', 'Patrick Demarchelier', 'legendary', '2day', 'Shooting', 'simply amazing']"
50239687956238336,Is Give2gether a Google Analytics for Philanthropy? - http://on.mash.to/eHuT0W,"['Google Analytics', 'Philanthropy', 'Google', '2gether', 'Analytics']"
43652999150706688,EU budget committee votes to restrict its own budget - http://newzfor.me/0/1r81,"['restrict', 'votes', 'budget', 'EU budget', 'budget committee', 'committee', 'EU']"
49616923142524928,Cast of @MBruce83's song at http://youtu.be/BVcEXh1Nj2M includes @Julie_Atherton @russelltovey @Sheridansmith1 @MrStevieWebb,"['Cast', 'Julie_Atherton', 'song']"
49227755312787456,SXSW 2011 Street Art #everyonelovesjapan http://goo.gl/fb/6zvjH,"['Street Art', 'SXSW', '2011', 'Art', 'Street']"
50009314915663872,"also, this is a short but super cool forest-related article i think you'd enjoy from the @IUCN http://tinyurl.com/65kh4ss","['enjoy', 'short', 'article i', 'you', 'IUCN', 'forest', 'article', 'super cool', 'super', 'think', 'cool']"
43711578012532737,"However, I've not listened to my dear Jenny for a few hours *plays*",[]
9589508966187008,              http://on.fb.me/fW77DU,[]
18840162360365057,Chinese food on deck... the halls!,"['on', 'Chinese', 'deck', 'food', 'on deck', 'Chinese food', '...', 'the', 'halls']"
46580257704259584,RT @nicolerichie: Please donate to relief efforts by texting the word REDCROSS to 90999 so you can donate $10 to the organization. RT!!,"['RT', 'word', 'Please', 'texting', 'REDCROSS', 'so', 'relief', 'organization', 'you', 'donate', 'can']"
7466981229854720,       -               ,[]
50071152575516672,"RT @JenGypsy: @afinefrenzy Angel Oak in SC. estimated to be 1500 years old. 17,000+ sq ft of shade. my fave place in charleston. http:// ...","['RT', 'old', 'Angel', 'fave', 'sq', 'Oak', 'Angel Oak', 'shade', 'charleston', 'SC', 'ft', 'sq ft']"
49869747491323904,"Bit of confusion from the two pool reports, one said ""couple of weeks"" regarding handover, another said ""days not weeks"" -- will clear up","['confusion', 'clear', 'up', 'one', 'will', 'handover', 'Bit', 'weeks', 'pool']"
46584916535812096,Hey- Just added some more pics to my DIY album. The decorations are for a shower for my friend Jessica James... http://fb.me/BqtO1pdK,"['album', 'Jessica', 'my friend', 'James', 'Hey', 'pics', 'shower', 'DIY', 'decorations', 'my', 'friend']"
39717686799896577,"Fascinating video, on language as a window into human nature.http://www.youtube.com/watch?v=3-son3EJTrU",[]
18746384475750402,"Starting today and for a limited time only, download Infinite Arms for only $5 from Amazon MP3: http://lnk.ms/GvS44","['Amazon MP3', 'Arms', 'Infinite', 'Amazon', 'Infinite Arms', 'MP3', 'time', 'download', 'Starting today', 'Starting', 'today']"
48822480667820032,My Spring 2011 starts next Saturday! Who is coming out? http://scottstappofficial.com/events http://fb.me/sr8bd906,"['Spring', 'Who', 'next', 'coming', 'coming out', 'Saturday', 'out']"
18958825910444033,@msbhavin :: @Neneleakes voice:: Boop!,[]
48860656274911232,Awesome post from @wolfblitzercnn: Behind the scenes on Clinton's Mideast trip - http://bit.ly/fdjLsu #cnn,"['Clinton', 'Awesome', 'scenes', 'trip', 'Behind the scenes', 'Behind', 'Mideast', 'cnn', 'post', 'the']"
47433257859555328,very powerful video from @womensvoicesnow http://www.youtube.com/user/WomensVoicesNow#p/a/u/1/FYe9_sw5EBQ,['video']
17959296583077888,2 more Xmas gifts to pick up and I'll be done w/ my shopping! Yaaaay,"[""I'll"", ""I'll be"", 'shopping', 'be', 'll', 'up', 'pick up', 'gifts', 'pick', 'Xmas']"
32230984111890434,"BOH will perform at the Johnny Mercer Theater in Savannah, GA on April 4th as part of the Savannah Music Festival. http://bit.ly/hzi4RF","['will', 'Theater', 'Johnny', 'Savannah', 'Savannah Music Festival', 'BOH', 'April', '4th', 'Music', 'GA', 'Johnny Mercer', 'Festival', 'Mercer', 'April 4th', 'Savannah GA']"
33274367504814080,"Fantastisk anmeldelse av ""To p rmmen"" :D http://www.filmogkino.no/article404840.ece http://fb.me/TgmzZEm7",[]
50295013007040512,Google Receives Patent For Its Doodles - http://on.mash.to/el22nk,"['Patent', 'Doodles', 'Google']"
50238726328172545,Happy birthday @wolfblitzercnn!,[]
48160289945960448,Thanks to all tweeps who expressed condolences. Very much appreciated. #fgs,"['condolences', 'who', 'Thanks', 'expressed', 'fgs']"
49911281569902592,"Taking over a radio station 2morrow. If you could pick 14 songs I should play, what would they be? *aside from my music*   Help me out???","['me', 'Help', 'play', '14 songs', '14', 'my music', 'radio station', 'Taking', 'out', 'aside', 'Help me', 'Taking over', 'station', 'radio', 'pick', 'music', 'you', 'songs', 'my', 'over', 'If']"
47832072605282304,Dogtown's parade this week celebrates St. Patrick and a great neighborhood. Please remember the neighborhood part. #fgs,"['week', 'neighborhood', 'parade', 'St Patrick', 'this', 'this week', 'Please', 'St', 'Dogtown', 'Patrick', 'fgs', 'remember']"
50287390081826816,Shazam Taps Into Your Facebook Friends for Deeper Music Discovery - http://on.mash.to/ei0Ck7,"['Taps', 'Shazam', 'Deeper', 'Facebook', 'Music', 'Friends', 'Discovery']"
47698255169073152,"I am rooting for the Wash U Bears in this week's NCAA Div III Final Four. Go, ladies! #fgs","['week', 'this', 'ladies', 'Bears', 'Final Four', 'rooting', 'I', 'this week', 'NCAA', 'am', 'Wash U', 'fgs', 'Four', 'Wash', 'U', 'Go', 'I am', 'Div', 'III', 'Final']"
48810631041781760,Obama set to deliver a response on #Libya soon,"['set', 'deliver', 'Libya', 'Obama']"
47348651533672448,In the studio all day. We got turkey sammidges in dis bitch! #bitchesarepeopletoo  http://t.co/k0QymIG,"['turkey', 'all', 'all day', 'We', 'studio', 'bitch', 'In', 'the', 'day', 'dis']"
49502776174186497,"The sun is offering a spirited response to the #supermoon. Given the clouds last night, I give the edge to Sol. #fgs","['clouds', 'offering', 'sun', 'Sol', 'supermoon', 'spirited', 'edge', 'night', 'last night', 'last', 'fgs']"
43659895983181824,"RT @scandipop: So Soundfactory is remixing Le Kid, The Attic are remixing Loreen, and now I hear that 7th Heaven MIGHT be remixing Jenny ...","['RT', 'remixing', 'now', 'Le', 'Jenny', 'Attic', 'Le Kid', 'Heaven', 'hear', '7th Heaven', '7th', 'Loreen', 'Kid']"
32521249372512256,New April dates announced including New Orleans and a few shows with Kings of Leon. More details and ticket info here: http://bit.ly/dJHFJN,"['info', 'Orleans', 'dates', 'of', 'Leon', 'here', 'New Orleans', 'details', 'Kings', 'New', 'Kings of Leon', 'ticket', 'More']"
43303207996362752,@JulesB444 Just spotted the RT - thank you :),[]
43736146064314368,Oil backs down - http://newzfor.me/0/zz3,"['down', 'Oil', 'backs']"
40762831049736192,In Kyiv: we recognize the sovereign right of each nation to freely coose its security arrangements,"['we', 'right', 'recognize', 'sovereign', 'nation', 'Kyiv', 'arrangements', 'sovereign right', 'security']"
50314953617440768,Pop-Up Store Creates Buzz for Software Firm Podio - http://on.mash.to/eRl8kt,"['Firm', 'Pop-Up Store', 'Buzz', 'Podio', 'up', 'pop', 'pop up', 'Pop-Up', 'Store', 'Software']"
49888205876629504,"RT @americanrep: Win tix to the ""Rock Sensation"" Prometheus Bound @cluboberon. RT & follow @americanrep to enter - drawing at 6pm. http: ...","['RT', 'tix', 'enter', 'Sensation', 'Bound', 'Prometheus Bound', 'Prometheus', 'Rock', 'follow', 'drawing', 'pm']"
14216330668417024,                  ,[]
50203133401497600,"My back's been plaguing me all week. Finally got hold of someone recommended as ""the best in Europe"" Aren't they all. We shall see!","['me', 'week', 'We', 'We shall see', 'shall', 'Aren', 'back', 'Europe', 'see', 'the best', 'the', 'hold', 'best']"
49922544471515136,@MelbourneBitter @karlkwin your article on the pros/cons/image of twitter is SPOT ON. thank you... (link: http://bit.ly/hSzbZJ),"['ON', 'cons', 'thank', 'pros', 'image', 'SPOT', 'thank you', 'link', 'article', 'you', 'SPOT ON', 'twitter']"
47650806131994625,I posted a new photo to Facebook http://fb.me/WELjtTEj,"['photo', 'Facebook']"
43659687207505920,"@windsorbuoy I think it is great that you are being so positive about it, many people aren't but you've taken the right approach.  :)",[]
27494939336114176,"BOH to perform with Foo Fighters, Cee Lo Green & No Age at Wembley Arena in London on Feb. 25th! Details here: http://bit.ly/eGlvpq","['Arena', 'Cee', '25th', 'No', 'Lo', 'No Age', 'Foo Fighters', 'BOH', 'here', 'Fighters', 'Green', 'Wembley Arena', 'Age', 'London', 'Wembley', 'Foo', 'Cee Lo Green', 'Details']"
49434669510426624,@buse_sozeri hey how are u sweetie?,[]
43783485965602816,"new rap album coming. ""fuck it, get a bucket my stomach is gonna upchuck/Texas Ranger, no walker, get up, Chuck!""","['album', 'upchuck', 'stomach', 'Texas Ranger', 'get', 'up', 'bucket', 'fuck', 'it', 'Ranger', 'rap', 'walker', 'fuck it', 'Texas', 'get up']"
46256358760255489,"Jeg elsker Kaizers ""hjerteknuser""!!!",[]
49365299300016128,This sweatshirt is worth 200 dollars among friends.  http://plixi.com/p/85455003,[]
49954897872961536,@TheRealNaTashaP ;),[]
50202150139211776,"Oops, ""my bad"" as our US friends say. I'm not actually in these particular episodes. Which makes them even better. http://t.co/y16hzE8",[]
48732878892302336,"President Obama is expected to make remarks later today on Libya, a senior WH official tells CNN","['official', 'President Obama', 'Libya', 'later', 'WH', 'later today', 'CNN', 'President', 'senior', 'today', 'Obama']"
43713423741173760,Over 200 million cars to hit China's roads by 2020: official - http://newzfor.me/0/opt,"['official', 'hit', 'cars', 'million', 'China', 'roads']"
50071407220097024,RT @MelissaSwoosh: @AFineFrenzy the forest may not be green... but I love winter and this was a rare snowstorm in NC in front of my h ht ...,"['RT', 'love', 'winter', 'may', 'NC', 'ht', 'green', 'forest', 'front', 'rare', 'snowstorm']"
48732448950992896,Apologies to all for not looking at DMs at the moment. Taking a holiday from them...,"['Apologies', 'looking', 'moment', 'DMs', 'holiday']"
18946672293847040,#NP Frankie Beverly & Maze- Before I let go,"['Before I let go', 'Frankie', 'I', 'Frankie Beverly', 'Beverly', 'let', 'go', 'NP', 'Maze', 'Before']"
48590675775725568,"You have to give Michigan State credit, they have stayed with it and kept fighting. Wow! have to love #March #Madness","['Michigan State', 'love', 'Michigan', 'fighting', 'credit', 'State', 'Madness', 'March Madness', 'March', 'You', 'Wow']"
17742626560147456,About to take the Fam out for dinner and ice-cream :-),"['ice', 'dinner', 'Fam', 'ice-cream', 'cream', 'ice cream', 'out']"
43303146449145856,"i love #americanidol Pia Toscano was never my fave , but she knocked it out the box , its gunna be hard to top her","['box', 'Pia Toscano', 'love', 'out the box', 'gunna', 'fave', 'top', 'hard', 'Toscano', 'americanidol', 'she', 'Pia', 'the', 'out']"
49919418314137601,The station info:KSWD | the sound 100.3 | www.thesoundla.com | The show will air April 3rd...Keep giving me song ideas???,"['info', 'sound', 'www', 'KSWD', '3rd', 'show', 'song', 'ideas', 'me', 'air', 'will', 'April', 'station', 'April 3rd', 'Keep', 'com']"
9897066125852672,I hope everybody enjoys the events organized to celebrate National Day & feel proud in what we have achieved in 39 years,"['everybody', 'what', 'I', 'what we have', 'National', 'proud', 'we', 'Day', 'feel', 'hope', 'have', 'I hope', 'National Day', 'events', 'celebrate']"
46267599553708032,@juniorbh1324 ya Lo sabe!,[]
42905763978543104,Photos are great for engaging with your audiences. Upload images to Flickr.com and create slideshows with http://splashr.com/,"['Flickr.com', 'Upload', 'Photos', 'slideshows', 'images', 'Flickr']"
48919179000168448,"Our Gary Tuchman found 2 missing american teachers in #Japan. They are both alive! Great news, see it on #ac360 10p","['Tuchman', 'missing', 'alive', 'american', 'teachers', 'Gary', 'Japan', 'news', 'Gary Tuchman', 'Accra']"
48402892956246016,RT @STLMetro: Heading to Dogtown for the St. Pat's Parade? MetroBus has 3 routes to get you there...here's how. http://ow.ly/4gwrH #STL,"['RT', ""Pat's"", 'there', 'Pat', 'Parade', 'MetroBus', 'STL', 'how', 'get', ""St Pat's"", 'here', 'St', 'Dogtown', '...', 'you', 'routes', 'get you', 'Heading', ""here's""]"
33781064761614336,"Looong day, which ends up with me performing at ""Gullfisken"" tonight @TV2!",[]
43029593397018624,"@Original_Cindy i mean what was u expecting its kim kardashian , but i like it lol","['Cindy', 'kardashian', 'it', 'lol', 'like', 'i like it', 'kim kardashian', 'expecting', 'kim', 'mean']"
49937172953960448,Unlucky. Need to turn it around vs fener,"['around', 'it', 'Unlucky', 'turn', 'vs', 'turn it around', 'fener']"
7816821830848512,I was happy to welcome Her Majesty Queen Elizabeth II to the UAE.We share a strong relationship w Britain based on friendship &common goals,"['on', 'Her Majesty Queen Elizabeth II', 'Queen', 'Her', 'Majesty', 'friendship', 'on friendship', 'welcome', 'share', 'Britain', 'II', 'Elizabeth', 'Queen Elizabeth II', 'relationship', 'common', 'w', 'strong', 'UAE', 'goals', 'happy']"
50243147502059520,SocialVibe Raises $20M for Engagement Ads in Social Apps - http://on.mash.to/hpwb6L,"['Apps', 'Engagement', '20M', 'Ads', 'SocialVibe']"
49959903141445632,"Prepping for @nbcnightlynews here in Santiago, reporting on WH handling of Libya situation.","['Santiago', 'handling', 'Libya', 'reporting', 'here', 'WH', 'situation', 'Prepping']"
43667055618162688,Good web design - everything cannot be of equal importance on your pages. Give each page a focus otherwise it will look cluttered.,"['web', 'Good', 'look', 'web design', 'focus', 'equal', 'page', 'will', 'everything', 'design', 'pages']"
13848292421,                    http://tinyurl.com/365ztmt,[]
49924619209162752,Too funny... My sister is so protective of me... She gets SO mad if she even THINKS I'm upset or sad. Ready to kick someone's ass! Lol.,[]
49270714062209025,@latanyawade Good! Thx! U gotta let me know when u in the A or the H :),[]
43697536430637056,65 turned up for my 1st class. 3 turned up for my final one.,[]
48448177854103553,"Waking up in Vancouver is like a fresh face over breakfast. Listening --&gt; ""Matches"" by Wildlife. Saw them play twice this week, gonna b HUGE","['play', 'week', 'Wildlife', 'HUGE', 'Matches', 'this week', 'up', 'face', 'this', 'Vancouver', 'Waking up', 'Listening', 'fresh', 'breakfast', 'Waking', 'Saw']"
49872471620460544,"It was a pool report typo. Here is exact Rhodes quote: ""this is not gonna be a couple of weeks. It will be a period of days.""","['Rhodes', 'period', 'Here', 'will', 'typo', 'quote', 'report', 'weeks', 'pool report', 'exact', 'pool']"
48222416433975296,"Tough loss. We have to get it together, now we have to focus on the next game on Friday.","['Tough loss', 'loss', 'We', 'on', 'Tough', 'get', 'Friday', 'get it together', 'it', 'together', 'focus', 'next', 'game', 'game on', 'together now', 'now']"
43777271185670144,@Mark_McGee Hello Mark - as always...thank you for the #ff. Have a great weekend :),[]
49985084354334720,#100factsaboutme I LOVE SEX & THE CITY... This episode on E! Right now is soothing my soul. Lol.,"['CITY', 'Right', 'episode', 'Right now', 'soul', 'Lol', 'SEX', 'LOVE', 'THE', 'now', 'THE CITY']"
10417891518189568,      2022.             ,[]
43658543689244672,"Brighten up your lunch with Jenny Silver's ""Something in your eyes"" [youtube] http://www.youtube.com/watch?v=5wEJyukCYpw  #mel2011","['eyes', 'your', 'Jenny', 'in', 'youtube', 'Brighten', 'up', 'lunch', 'Something', 'Jenny Silver', 'Silver']"
49954079643942912,"RT @TeamFreshness: #MusicMonday ""Look At Me Now (Fresh Remix)"" by. @SkyeTunes @NICQUEENCOLE @crystalisbarbie http://t.co/OMRL8l8",[]
43714309146161153,@JFN1985 50:50 :P,[]
44406555688435713,NORWAY!!! NORTHUG!!!!,"['NORTHUG', 'NORWAY']"
43670825089499136,"Anyway, best make a move to my next two classes.  I will be guarding these sheets today *casts evil eyes over students*",[]
49953960185958400,"RT @TeamFreshness: Checkout the Behind The Scenes Of ""That Girl Sticking"" By. @LaLahMusic Feat. (cont) http://tl.gd/9dh230","['RT', 'cont', 'That', 'Feat', 'That Girl', 'Scenes', 'Behind The Scenes', 'Behind', 'The', 'Checkout', 'Girl']"
46669957492252673,@alexiniguez Happy Birthday bro... Stapp,"['bro', 'Birthday', 'Happy', 'Stapp', 'Happy Birthday']"
43424236634771456,@MartianFatale its on http://www.cicisnap.com/,[]
49878462353256449,The Sammy Hagar aliens story would make more sense if the aliens swapped him out for David Lee Roth.,"['story', 'Lee', 'Roth', 'aliens', 'David Lee Roth', 'David', 'Sammy Hagar', 'sense', 'Hagar', 'Sammy', 'out', 'him', 'if']"
49891990816563200,Bohemian Rhapsody on ukelele :) http://goo.gl/fb/KB9FD,"['Bohemian Rhapsody', 'Bohemian', 'Rhapsody', 'ukelele']"
49869159814803458,"Just last night, the WH was saying the handoff would be in ""days not weeks.""","['last', 'handoff', 'WH', 'night', 'last night', 'weeks']"
50075432497852416,RT @Marrrriana: @AFineFrenzy I love coming to visit this abandoned train/trolly/bus thing in a near woodsy area close to my home ( http: ...,"['RT', 'love', 'abandoned', 'area', 'bus', 'visit', 'thing', 'train', 'my', 'home', 'close', 'my home']"
43304436877115392,"#americanidol my top 5 girls PIA ,LAUREN,KAREN,HALEY,KENDRA","['top 5', 'KENDRA', 'HALEY', 'PIA', 'top', 'girls', 'KAREN', '5', 'americanidol', 'LAUREN', '5 girls']"
43629512814100480,Wholesale Suppliers & UK Wholesalers - UK Wholesale Directory http://lnkd.in/5BPY8X,"['Directory', 'Wholesale', 'Suppliers', 'Wholesalers', 'UK']"
49625228661374977,@ThatDancer I  Pinkberry!,['Pinkberry']
50233878044094464,#NATO to enforce arms embargo against #Libya - http://bit.ly/han5jz  #Gaddafi,"['embargo', 'arms embargo', 'Libya', 'arms', 'NATO', 'Gaddafi']"
45506571496730624,New vlog: We Stand Prepared - http://bit.ly/gscxuP #NATO #Libya #Gaddafi #UN,"['We', 'Libya', 'vlog', 'UN', 'NATO', 'Stand', 'Gaddafi']"
50233303567056897,HOW TO: Get the Most Out of Google AdWords - http://bit.ly/h6s39l by @matt_silverman,"['Google', 'TO', 'matt_silverman', 'AdWords', 'HOW TO', 'HOW', 'Google AdWords', 'Out']"
47632880251318272,My Big Digital Day has new tickets on sale with the red hot @profbriancox amongst my speakers http://t.co/1DN8pAr http://t.co/UZvNb89,[]
48813192033472512,Obama: U.S. is not going to put U.S. forces in #Libya,"['Libya', 'forces', 'Obama']"
45911529283010560,Everyone has been asking what I've been up to... the billboard article below pretty much explains it all! Be... http://fb.me/QmbtXPcN,[]
48813381515345920,"If Ghadafi does not comply with the [UN] resolution ... the resolution will be enforced through military action, Obama says","['military action', 'will', 'UN', 'UN resolution', 'action', 'military', 'Obama', 'resolution', 'If']"
34306079554801664,Getting ready to leave for Canada tomorrow! Going on vacation to see my snowboarder boy! Cant wait!,"['Canada', 'boy', 'snowboarder', 'Getting', 'vacation', 'leave', 'Cant', 'ready', 'tomorrow', 'wait']"
48468297364148224,Obama says he doesn't expect harmful levels of radiation to hit the U.S. ... public health experts say no precautionary measures needed,"['hit', 'public health', 'measures', 'radiation', 'harmful', 'say', 'levels', 'health', 'expect', 'experts', 'public', 'Obama']"
47394746603282432,"in honor of pi day, let's all act irrationally. shampoo with toothpaste! bring a lawnmower to the beach and cut some sand!","['cut', 'toothpaste', 'shampoo', 'day', 'sand', 'pi day', 'act', 'lawnmower', 'pi', 'beach', 'honor']"
19176491463999488,The pen is mightier than the sword.,"['pen is mightier than the sword', 'is', 'pen', 'sword', 'the', 'than']"
48449783085539328,Can't take no more uh these big boy hours. Thanks to all who participated in EO's Magical Canadian Birthday Week. Partied out. LA bound.,[]
43421842723188736,"@MartianFatale have you heard black widow its rumoured to be on femme fatale , or isit an old track?",[]
43064884929363968,RT @henryholland: Don't know about anyone one else but I fancy getting absolutely Christina Aguilera'd tonight.,"['RT', 'Aguilera', 'Christina Aguilera', 'Don', 'getting', 'absolutely', 'Christina', 'fancy', 'else', 'anyone', 'tonight', 'one']"
48465971043778560,"Are you a college kid who likes drinking, dressing up, and making irish immigrants roll in their graves? Then St. Patrick's Day is for you!","['irish', 'immigrants', 'in', 'for', 'roll', 'who', 'up', 'for you', 'dressing up', 'irish immigrants', 'St', ""St Patrick's Day"", 'college', 'likes', 'dressing', 'graves', 'you', 'kid', 'Day', 'drinking', 'Are']"
48738431328714752,Sen Dempsey offers some hope to thousands of MO residents hoping the economy moves faster than their landlords. #fgs,"['Dempsey', 'landlords', 'faster', 'MO', 'fgs', 'Sen', 'residents', 'moves', 'hope', 'economy']"
48468083307851776,@NickNewCities yes you wiiiiiill !!,[]
48853092095107072,Feliz Viernes! Jugamos contra Los Heat esta noche. Let's Get It Hawks!,[]
10472181154717696,"The deluxe version of the Grammy Nominated, Infinite Arms, is available for a special holiday price. Get it here http://bit.ly/gwmNjR","['holiday', 'Grammy', 'Get', 'price', 'Arms', 'Nominated', 'it', 'here', 'version', 'Infinite Arms', 'Get it', 'Infinite', 'deluxe', 'special']"
43303635572113408,@carl_freelove - thanks Carl for the mention. Appreciate it. Hope you and the @jobsacuk team are having a good day. Pse send my regards :),[]
50075192696901633,RT @Maudelynn: @AFineFrenzy here is a couple of my favourite trees in Cornwall England http://i52.tinypic.com/j6ueqc.jpg,"['RT', 'England', 'Cornwall', 'favourite', 'trees', 'here']"
39895064465379328,On my way home after 2 amazing weeks @Whistler!,[]
49859843007332352,Political Circus: Democrat has #TigerBlood - http://bit.ly/gbJ00g #cnn,"['cnn', 'Circus', 'Political', 'Democrat']"
43714627384770560,@adebradley A student handed it in!  No reporting now!,"['now', 'reporting', 'handed', 'student', 'it']"
49474276214063104,@AltidoreFans not too bad,[]
46018719473876992,"One of the most important moments in my life was when I learned the ""wheelbarrel"" was actually the ""wheelbarrow.""","['life', 'moments', 'wheelbarrow', 'One', 'in', 'in my life', 'my', 'wheelbarrel']"
33151646586372096,writing a new song in the studio :),"['song', 'new song', 'writing', 'studio', 'in', 'new', 'the']"
43716181819006976,@JFN1985 No alcohol for moi at all.  However I will accept fine foods.,"['alcohol', 'I', 'foods', 'accept', 'will', 'moi', 'fine', 'I will']"
49715111874662400,@neilhimself nightcaps at casey's  / she had never heard liz phair / i corrected this   #MyNightInHaiku,"['phair', 'nightcaps', 'casey', 'heard', 'liz phair', 'she', ""casey's"", 'liz']"
45302515012608001,@jenniferkayline thanks a lot jennifer!,[]
45642715383332864,I'm a friend of BILL W. Are any of you? Let me know!,[]
12239478533914625,"BOH Austin City Limits TV performance will air on January 15th,check your local listings at http://austincitylimits.org/","['City', 'Limits', 'TV', 'January', 'local', 'January 15th', 'air', 'BOH', 'will', 'Austin City Limits', 'performance', 'Austin', 'check', '15th']"
46239428028542976,RT @owen_then: @Al_Horford can u RT to show ur love for Japan fans here bro ??  #GoHawksGo,"['RT', 'love', 'show', 'owen', 'Al_Horford', 'here', 'ur', 'bro', 'to', 'fans', 'can', 'Japan']"
50046644636487680,"RT @ScorpioSeason: #100factsaboutme 70) When I love someone I make them the center of my world, I put them above all others #Scorpio","['RT', 'someone', 'love', 'center', 'love someone', 'my world', 'I', 'above', 'others', 'put', 'world', 'my', 'Scorpio']"
49285778571923456,Living vicariously through @siriusxmu love the #sxsw coverage,"['Living', 'sxsw', 'love', 'coverage', 'vicariously']"
43715347240587264,@JFN1985 I don't drink :P,[]
43670491701067776,"Some student of mine STOLE the sign in sheet, because of that, the whole class gets their absence recorded and sent to the UK Border Agency","['UK Border Agency', 'sheet', 'UK', 'the sign', 'Border', 'Agency', 'recorded', 'mine', 'sign', 'absence', 'student', 'the', 'STOLE', 'class']"
43713860238192640,RT @A1: Cats used to be worshipped. They have not forgotten this http://twitpic.com/4616mq,"['RT', 'Cats', 'not forgotten', 'worshipped', 'forgotten', 'not']"
47333760848502784,"RT @KellySawyer: RT @nicolerichie: CHECK IT! Funny or Die & gd Charlottes new vid ""LAST nite"" I ""Double Dare"" U!!! http://bit.ly/hqtUoE RT","['RT', 'Funny', 'LAST', 'Funny or Die', 'vid', 'Charlotte', 'Die', 'IT', 'CHECK', 'Double Dare', 'gd', 'nite', 'Double', 'LAST nite', 'or', 'Dare']"
35862559936487424,Ejoying myself in Whistler!,"['Whistler', 'myself']"
49863822793641985,Rain and wind snow??? Is this a joke?! There's a storm on the way?! What is going on here?! #icant,"['on the way', 'way', 'on', 'joke', 'snow', 'Rain', 'here', 'storm', 'the', 'wind']"
43683815339732992,Dublin #businesswomen to celebrate International Women's Day - http://newzfor.me/0/1pr1,"[""International Women's Day"", 'Dublin', 'Day', ""Women's"", 'International', 'businesswomen', 'celebrate']"
49570150223056896,"#100factsaboutme #2 I am 1/3 of The World's next Super group ""Sophia Fresh"" @SophiaFreshness @crystalisbarbie @SkyeTunes","['group', 'I', 'am', 'next', 'Super group', 'Fresh', '2', 'World', 'I am', 'Super', 'Sophia Fresh', 'Sophia']"
37224991179153408,Happy Valentines day everyone!,"['Valentines', 'everyone', 'Valentines day', 'day', 'Happy']"
42914288159035392,"@Yell Hi - no, I can't make it as I'm on my way to Manchester. Looks a great #yellevents :)","['on', 'I', 'make', 'it', 'Hi', 'Manchester', 'way', 'Yell', 'my', ""I'm"", ""can't""]"
47342364431355905,Apple. Celery. Carrot #Juice,"['Celery', 'Carrot Juice', 'Carrot', 'Apple', 'Juice']"
49905509146431488,"@rstilskin Arab league not part of NATO, it's part logistical but there's a sovereignty aspect too.","['Arab', 'league', 'Arab league', 'NATO', 'aspect', 'logistical', 'sovereignty']"
46791874874322944,"Congrats to UCONN and Kemba Walker. 5 wins in 5 days, very impressive...","['5 days', 'Kemba', 'wins', 'days', 'Kemba Walker', 'UCONN', 'Walker', '5']"
43430727966142464,"@MrZou i do , :D , can u do a routine to it plz",[]
47792404178284544,AH!! unreal!!!! LOVELOVELOVE &lt;3 RT @osmentnews @EmilyOsment You have to see this! It's a birthday gift from your fans &lt;3 http://urlm.in/hhvm,"['RT', 'gift', 'AH', 'birthday', 'fans', 'unreal', 'You']"
43456651998666752,SEO tip - your Description Meta tag will become a mini-advert on the search engine results page. Write to encourage visitors to click.,"['engine', 'mini', 'search', 'search engine results page', 'Description', 'Meta', 'tip', 'results', 'advert', 'will', 'visitors', 'Write', 'tag', 'click', 'SEO', 'page', 'Meta tag']"
49457873784274944,@BigWuat00 excited. He's a pure footballer. Fantastic all around game.,"['Fantastic', 'around', 'all', 'game', 'pure', 'footballer', 'excited']"
49378127394254848,@ytsAlt so nice to meet you!! Hope to see you soon at a show!!,[]
18910514507681792,Best & worst Christmas ever.,"['worst', 'Christmas', 'Best']"
48469062283571200,Urges Americans to go to USAID.gov to get info on how to help #Japan,"['info', 'help', 'to', 'how to', 'how', 'USAID', 'Americans', 'Japan', 'gov']"
46239714512093184,"RT @BarackObama: Sending condolences to the people of Japan, particularly those who lost loved ones in the earthquake & tsunamis. U.S. s ...","['loved ones', 'tsunamis', 'lost', 'loved', 'condolences', 'who', 'S', 'ones', 'U', 'Japan', 'earthquake', 'BarackObama']"
49140166757064704,@hohmannkyle supermoon iz real!! Can't wait!!,[]
48385840812007424,AOH St Patrick's Day parade in Dogtown: What you need to know http://bit.ly/fZsVtv,"['need to know', 'What', 'parade', 'to', ""St Patrick's Day"", 'St', 'Dogtown', 'need', 'know', 'What you need', 'you', 'AOH', 'Day']"
48591777682292736,@JoshRamsay I'm really ok with being the man in this relationship,"[""I'm"", 'ok', 'relationship', 'man']"
49948274987237376,@sbnbayarea good luck in the coverage.,"['luck', 'good', 'coverage', 'good luck']"
17742959046819840,look at my girl rockin them candy curls! @NWDaVinci U go guuuurl,[]
49932224870621186,So hungry... Hmmm #100factsaboutme I LOVE SUSHI :),"['SUSHI', 'LOVE', 'hungry', 'Hmmm']"
49861634600079360,Pelosi hospitalized in Italy: http://t.co/bpMWiUj via @cnn,"['hospitalized', 'Italy', 'cnn', 'Pelosi']"
49872712092491776,"So nothing has changed from last night. Timetable for handover of no-fly zone enforcement is still ""days"" according to WH","['enforcement', 'still', 'last', 'zone', 'no-fly zone', 'handover', 'changed', 'WH', 'last night', 'Timetable', 'night', 'nothing', 'has', 'nothing has changed']"
49392020640378880,RT @SoccerByIves: Must-See Interview: Charlie Davies http://bit.ly/fDsP0w,"['RT', 'Charlie', 'Davies', 'Interview', 'Charlie Davies', 'must']"
50254734988283904,7 Ways To Celebrate #WorldWaterDay 2011 Online - http://on.mash.to/fjIJ5L #water2011,"['Ways', '7 Ways', 'Celebrate', '7', 'Online']"
49902187425443840,"One of the delays in handing off enforcement of no-fly zone, creating a command structure outside of NATO so Arab countries CAN participate","['enforcement', 'no-fly zone', 'zone', 'countries', 'delays', 'Arab', 'command structure', 'outside', 'command', 'CAN', 'NATO', 'Arab countries', 'structure']"
46605933123616768,RT @LupeFiasco: Love Always Shines Everytime Remember 2 Smile. #Lasers,"['RT', 'Love', 'Remember', 'Everytime', 'Always', 'Lasers', 'Smile', 'Love Always', 'Shines']"
45909131227443200,http://fb.me/Ths7jQZH,[]
29459885533,Its been 6 years since the passing of our beloved Father Sheikh Zayed. We reflect today on his accomplishments & pray that he rest in peace,"['rest in peace', 'reflect', 'We', 'peace', 'pray', 'Zayed', 'in', 'Father', 'Sheikh Zayed', 'rest', 'years', 'Sheikh', 'beloved', '6', 'passing', '6 years', 'today']"
43690579435061248,Ad giant upbeat after strong end to 2010 - http://newzfor.me/0/10t1,"['upbeat', 'giant', 'strong', 'end', 'Ad']"
28167586445271040,BOH return to Europe in June for some special shows including festivals and a pair of stadium dates with Foo Fighters: http://bit.ly/hlerjy,"['Europe', 'dates', 'return', 'Foo Fighters', 'BOH', 'Fighters', 'stadium', 'pair', 'festivals', 'Foo', 'special']"
34760571987558400,"BOH will make a special appearance on Nickelodeon's ""Yo Gabba Gabba"" tomorrow 2/8. Be sure and tune in to Nick Jr. at 1pm local time!","['tune in', 'will', 'Nick Jr', 'special appearance', 'Yo', '1pm', 'Gabba', 'time', 'appearance', 'local time', 'Jr', 'BOH', 'Nick', 'Yo Gabba Gabba', 'sure', 'tune', 'in', 'Nickelodeon', 'local', 'tomorrow', 'special']"
49840774300450818,CNN has confirmed that former Minnesota Gov. Tim Pawlenty is expected to announce the formation of a presidential exploratory committee.,"['confirmed', 'exploratory', 'presidential exploratory committee', 'Minnesota', 'Tim', 'Pawlenty', 'presidential', 'committee', 'exploratory committee', 'CNN', 'formation', 'Gov', 'Tim Pawlenty']"
48208959429025792,Oh my aching heartburn...,[]
49289191934275584,"RT @jakefogelnest: thx, Jessica! Come hang out w/ me nxt year! -fo sho :)",[]
48957779553165312,Kyodo news agency reports the story of the man found alive in the rubble is not true. He had been in an evacuation center..details unclear,"['story', 'Kyodo news agency', 'center', 'found', 'agency', 'rubble', 'evacuation', 'alive', 'Kyodo news', 'found alive', 'details', 'news', 'Kyodo', 'true', 'man']"
49983982955270146,Making pesto! I had to soak my nuts for 3 hours!,"['hours', 'pesto', 'nuts', 'soak']"
49574541697089537,@PootieFBaby I'm not there ,[]
49163098661191680,looking for the best breakfast in Austin...,"['for', 'looking', 'breakfast', 'Austin', 'the', 'best']"
48573622926843904,Go Gators!!!,"['Go', 'Gators']"
49492360391962624,RT @johncombest: The correct link: http://bit.ly/eLZLkM MT @MayorSlay B Priddy has an amusing article about a familiar friend #fgs,"['RT', 'Priddy', 'familiar', 'fgs', 'MT', 'link', 'amusing', 'article', 'friend']"
14450961581875200,Thank You From Ben http://bit.ly/gwWnCG,[]
49093901717479425,RT @kmoxnews: Section of I-55 Closed Until Monday: I-55 will be closed in both directions between Carondelet and the 4500 block of... ht ...,"['RT', 'Monday', 'I', 'Section', 'ht', 'will', '55', 'Closed', 'directions', 'Carondelet', 'I 55', 'block']"
48874958612463616,My feet hurt... How are yours doing?,"['feet', 'My', 'yours', 'hurt']"
29459831242," 6           ,             ",[]
49438120193699840,Pitt messed up my bracket man. #cmonson,[]
50251241200160768,YouTube Video of the Day: One Man Disney Movie - http://on.mash.to/hyUGYi,"['Day One', 'Movie', 'YouTube', 'One Man', 'Video', 'One', 'Day', 'Disney', 'Man']"
40763319669366784,Ukraine clearly belongs to the family of European nations,"['Ukraine', 'European nations', 'nations', 'family', 'European']"
49921145130065921,Hola mamacita! RT @EunicitaQ: Hiii people!!!,[]
30669628271235072,"Vote for ""Dilly"" to become BBC Radio 2's pick of the week! Vote here: http://bbc.in/16YpUB","['week', 'Dilly', 'of', 'BBC', 'here', '2 s', '2', 'Radio', 'pick', 'Vote', 'the', 'BBC Radio 2']"
49930957293228032,RT @toureroberts: The simple word for this season is to Trust in God alone for all of your life's needs.,"['RT', 'life', 'word', 'your life', 'simple', 'season', 'this', 'God', 'alone', 'Trust', 'your', 'God alone']"
18943366410539008,#NP Isaac Hayes- Walk on by,"['on', 'Walk', 'Isaac', 'Hayes', 'Isaac Hayes', 'NP', 'Walk on by', 'by']"
49889803348623361,RT @TheDailyLove: Be unapologetically yourself & let the world think what it will. You can't live life in the box of other ppl's opinion ...,[]
50059867297292288,@VINNYGUADAGNINO Hahahaha...,[]
13848368514,I'd like to share with you this stunning image of #Dubai which sets a new record for the worlds largest photo http://tinyurl.com/365ztmt,"['worlds', 'Dubai', 'like', 'record', 'photo', 'image', 'share', 'new', 'to', 'stunning', ""I'd"", 'sets', 'with you', 'you', 'with']"
45096259396182016,"Going to Cobenhagen, Denmark for a day :)","['Denmark', 'day']"
49955685760376832,Here is a link to key graph in the Senate resolution on Libya that WH is using to defend itself from cong criticism. http://bit.ly/g0Ibse,"['criticism', 'Libya', 'Senate', 'graph', 'defend', 'Here', 'WH', 'itself', 'link', 'key', 'cong', 'resolution']"
50030052087316480,This is beautiful. Karin Stack photographed her hair growing... http://goo.gl/fb/Do6bQ,"['beautiful', 'hair', 'Stack', 'Karin', 'photographed']"
43480683343126529,i love @4everBrandy  and bran'nu #wheneveryoulike is SICK,[]
47083300120035328,@RuddyCruz Estare de regreso el juego Que viene.,[]
43584689121918976,UPDATE 1-Market Chatter -- Corporate #finance press digest - http://newzfor.me/0/1fy0,"['finance', 'Corporate finance', 'Chatter', 'UPDATE', 'digest', 'press', 'Corporate', 'Market']"
43716529090596864,@HyattCoolum lol - I thought the same.  I love the fact that they are all nearly selected now! :),[]
18941895937884161,#NP Kings Of Leon- Pyro,"['Of', 'Leon', 'Pyro', 'NP', 'Kings', 'Kings Of Leon']"
42992863365177344,Many web designers should have run businesses before they start building sites. Maybe then they'd produce effective business websites?,"['building', 'web', 'run', 'business', 'effective', 'Maybe', 'web designers', 'websites', 'start', 'produce', 'businesses', 'designers']"
41091104422105088,fun at the moods show yesterday http://fb.me/TFYgqEOH,[]
18877636503670784,"Jalen said ""How did Santa make my presents and it says Made in China?! Santa ain't Chinese!"" lmao","['Made', 'lmao', 'Chinese', 'make my', 'Jalen', 'make', 'ain', 'China', 'Santa', 'in', 'Made in China', 'my']"
18834637048512512,"Waiting on my doorbell to ring for my Christmas feast! Sweet N sour chicken, vegetable fried rice and crab rangoon. Sucks yea I kno :-(","['yea', 'Waiting', 'chicken', 'ring', 'my doorbell', 'my Christmas', 'Christmas', 'fried rice', 'crab', 'vegetable', 'rice', 'kno', 'doorbell', 'Sucks', 'Sweet N sour', 'N', 'crab rangoon', 'rangoon', 'Sweet', 'Christmas feast', 'feast', 'sour', 'fried', 'my']"
43569569251594240,Suzuki Motor planning 3rd car manufacturing plant in India - http://newzfor.me/0/oqt,"['plant', '3rd', 'car manufacturing', 'manufacturing plant', 'India', 'planning', 'Suzuki Motor', 'Motor', 'car', 'manufacturing', 'Suzuki']"
40764186678149120,We are ready to discuss possible cooperation on Missile Defence with Ukraine,"['Ukraine', 'We', 'Defence', 'Missile', 'Missile Defence', 'are', 'cooperation', 'ready', 'We are ready']"
47706441037000704,Budget driven changes: http://bit.ly/ggVzwP,"['driven', 'changes', 'Budget']"
48464757350604800,House passes bill to defund NPR in a 228-192 vote,"['passes', 'House', 'bill', 'vote', 'defund', 'NPR']"
45882957570904064,"Had a rather mad day chasing about town doing this, that and whatnot. One more duty to discharge before I can relax.",[]
43714518714556416,"@jordy1980 Yep, society is changing and it is such a waste of resources.  :(","['Yep', 'waste', 'resources', 'society']"
47970757745184768,We can help the rescue effort in Japan by supporting the British team who've just landed there. Watch this http://t.co/rEy0xas,"['We', 'rescue', 've', 'who', 'Watch', 'Watch this', 'British', 'this', 'landed', 'can', 'team', 'Japan', 'help']"
49581913710669824,Very nice win today. Liked the way we played as a team. Go Hawks!,"['we', 'win', 'Hawks', 'a team', 'way', 'team', 'Go', 'today', 'nice']"
50310671144976384,HOW TO: Use Facebook Social Plugins on Your Website - http://on.mash.to/eMQ33Z,"['Website', 'TO', 'HOW TO', 'HOW', 'Plugins', 'Facebook', 'Social']"
43787585696440321,"@BKBrandi I'm trying to with this next project. Gonna be more natural and serious rather than ""ironic white kid."" hope you'll like it!","['natural', 'll', 'next', 'project', 'you', 'ironic', ""I'm"", 'trying', 'white', 'hope', 'kid']"
49629839136800769,My sister Julia Nesheiwat a TRUE AMERICAN HERO! So proud of u Julia! Keep fighting the good fight sis! I Love U! http://yfrog.us/nwn31z,"['sis', 'fight', 'sister', 'My sister', 'HERO', 'I', 'My', 'Keep fighting', 'proud', 'Julia', 'Keep', 'AMERICAN', 'good', 'U', 'fighting', 'Love', 'good fight', 'TRUE', 'I Love U', 'TRUE AMERICAN']"
43660317187780609,"Exclusive: Chrysler r #financing talks advance, sources say - http://newzfor.me/0/1y51","['Exclusive', 'financing', 'say', 'Chrysler', 'advance']"
49628054913425408,See u tonight LA... I've missed your healthy ass ;) #toomuchbbq,"['ass', '...', 've', 'LA', 'healthy', 'tonight', 'I']"
9588888452464640,Id like to share with you a video on the Dubai Economic Update Forum thats been posted on facebook http://on.fb.me/fW77DU,"['facebook', 'Dubai', 'Forum', 'share', 'Update', 'Economic', 'video', 'with you', 'you', 'with', 'Id']"
50305320530087936,"WSJ To Begin Selling Single Issues for iPad Wednesday, Apple To Take 30% Cut - http://on.mash.to/elumrC","['iPad', 'Begin', '30', 'Apple', 'Take 30', 'WSJ', 'Wednesday', 'Single', 'Cut', 'Take', 'Issues']"
49949536352870401,"At a WH briefing here in Santiago, NSA spox Rhodes came with a litany of pushback on idea WH didn't consult with Congress.","['spox', 'Santiago', 'Congress', 'NSA', 'consult', 'litany', 'here', 'WH', 'idea', 'Rhodes', 'briefing', 'pushback']"
49417265547968512,"RT @cnnbrk: Wyclef Jean was shot in the hand Saturday in Port Au Prince, Haiti, hours before presidential runoff.","['shot', 'Haiti', 'Jean', 'hand', 'hours', 'Au', 'presidential', 'runoff', 'Wyclef Jean', 'Wyclef', 'Port', 'Saturday', 'Port Au Prince', 'Prince']"
43028427405656065,@Original_Cindy lol yer thats it,[]
43630013072945152,Dozens of South Korean websites attacked - http://newzfor.me/0/1g91,"['attacked', 'websites', 'South Korean', 'Korean', 'Dozens', 'South']"
47839911499415553,"Nice win for us tonight, we came out and handled our business! Now we have Denver tomorrow. Go Hawks!!","['we', 'Now', 'business', 'win', 'Hawks', 'us', 'tonight', 'came out', 'Denver', 'Go', 'out', 'tomorrow', 'came', 'Nice']"
49847835247652865,Omg Gabby! Kisses En Espaol Lol RT @DefGab: RT what the HELL does besos! Mean! Dammit! :),"['RT', 'what', 'En', 'Omg', 'Kisses', 'Dammit', 'Lol', 'Gabby', 'besos', 'HELL', 'the', 'what the HELL', 'Mean']"
37207704430714881,BOH return to Atlanta on April 2 for a show at the Verizon Wireless Amphitheater with The Jayhawks! Pre-sale info here: http://bit.ly/dRjJNs,"['pre', 'April 2', 'Wireless', 'return', 'Verizon', 'show', 'info', 'Verizon Wireless Amphitheater', 'sale', 'Amphitheater', 'BOH', 'April', '2', 'here', 'Verizon Wireless', 'Atlanta', 'Jayhawks']"
50075350130102272,i love all these forests.,"['love all', 'all', 'love', 'forests']"
49905766131433472,RT @winduprecords: New @EmilyOsment Poll - Log in w/ your Twitter accnt to comment & check back for a reply! http://officialemilyosment.com/,"['RT', 'comment', 'Log', 'Twitter', 'back', 'Log in', 'in', 'reply', 'Poll', 'check']"
43650707110379521,"Just changed my twitter background, check it out! Found it at http://www.TwitterBackgrounds.com on Friday 05:24:56 AM","['twitter', 'Friday', 'AM', 'it', 'background', 'check it out', 'background check', 'check', 'out']"
49883233193705472,On the up side... Its perfect weather to stay in and read scripts. Here we go! :),"['perfect', 'we', 'read', 'up', 'Here', 'stay', 'weather', 'scripts', 'go', 'Here we go', 'side']"
43621307895660544,Wholesale Suppliers:The largest B2B wholesale network of UK wholesalers with a huge wholesale directory featuring hundreds of verified who,"['huge', 'verified', 'network', 'Wholesale', 'Suppliers', 'wholesalers', 'hundreds', 'UK', 'directory', 'B2B']"
48961716146540544,RT @cnnbrk: Man reported to be trapped in rubble of Japan quake was actually visiting home after spending days in shelter http://on.cnn. ...,"['RT', 'trapped', 'shelter', 'rubble', 'quake', 'home', 'Japan', 'Man']"
49259775644549121,"RT @TheGodLight: It takes a brave man to own up to his mistakes, whereas a coward will hide from his own truth.","['RT', 'will', 'his', 'hide', 'coward', 'up', 'mistakes', 'brave', 'truth', 'his mistakes', 'man']"
48473709756952576,"What's good everyone, catching up on these Tourney games and already see some upsets... March Madness! Go Gators!","['good', 'March', 'Madness', ""What's"", 'up', 'Gators', 'everyone', 'catching', 'March Madness', 'games', 'Tourney']"
49138586028740608,"@TMtomAddison if I came on tour w/ you guys we would never get anything DONE. & I smash guitars. But, you know that. Mizyoo @benjaminmadden","['on', 'we', 'anything', 'smash', 'on tour', 'tour', 'guitars', 'you', 'if', 'guys', 'you guys']"
50027962115960832,I feel like watching a good documentary... Know any good ones?,"['feel', 'ones', 'good', 'documentary', 'watching']"
50306331365736448,Suerte y Felicitaciones a todos Los nominados de Los Premios #Casandra en RD!!,[]
49751557398462464,8.4 earthquake gona hit cali???,"['cali', 'hit', 'earthquake', 'gona']"
42905047864053761,Web marketing tip: Find similar sites to the one you're currently targeting using: http://similar-site.com/,"['Web', 'targeting', 're', 'marketing', 'tip', 'Web marketing', 'to', 'the', 'one', 'you']"
7816186347655168,                    ,[]
35106098604281856,"For one week only you can grab Band of Horses' Grammy Nominated album ""Infinite Arms"" for only $7.99 at iTunes: http://bit.ly/i7rHN9","['week', 'Horses', 'Grammy', 'Infinite', 'one week', 'of', 'only you', 'Arms', 'Nominated', 'one', 'iTunes', 'Band', 'only', 'Infinite Arms', 'can', 'Band of Horses', 'you', 'album', 'grab']"
49925223998431232,"YES! Ha RT @T3shika: @Adrienne_Bailon And 10 is a big number, right? Lol",[]
48705209098174464,QI wrote questions for the @climate_week quiz - you could get your workplace or pub to run it next week http://t.co/PH22kFa,"['run', 'it', 'pub', 'quiz', 'run it', 'climate_week', 'workplace', 'questions', 'QI', 'you', 'next']"
40813988577161216,http://www.nato.int/cps/en/natolive/opinions_70795.htm,[]
47543419052113920,"RT @jimmykimmel: for those interested in my tsunami story, the whole thing, in detail http://huff.to/hU06rA","['RT', 'story', 'detail', 'thing', 'tsunami', 'in']"
45902013426450432,"We bear in mind the sensitivities of the region. Any NATO operation must show added value, have a clear legal mandate and regional support","['bear in mind', 'We', 'regional', 'added value', 'show', 'legal', 'region', 'mandate', 'mind', 'bear', 'NATO', 'value', 'in', 'support', 'operation', 'clear', 'must']"
9896608430821376,                39 ,[]
49260008910766080,Just found out my show tonight is open to the public! : St. Davids Historic Sanctuary on 8th/San Jacinto. 25 minute set @10:30p! Hooray!!,[]
49952730961281024,Best tweet tease of the day RT @kathrynlopez: marrying sarah palin & 2 sheens http://bit.ly/gwLCpI,"['RT', 'sarah', 'tease', 'marrying', 'tweet', 'sarah palin', 'shins', 'palin', 'day', 'Best']"
45901659632697344,Situation in Libya is of great concern. We have decided to increase the presence of NATO maritime assets in the Central Mediterranean.,"['We', 'Central', 'assets', 'Libya', 'presence', 'Mediterranean', 'maritime', 'NATO', 'concern']"
44818889451905025,got a new twitter background from my great fan site: http://www.marionravenphotos.com/displayimage.php?album=185&pid=3059#top_display_media,"['fan', 'twitter', 'fan site', 'site', 'background']"
31012375855366144,New tour dates announced with shows on both sides of the Atlantic! More details here: http://bit.ly/hBLkOe,"['dates', 'here', 'tour', 'Atlantic', 'details', 'sides', 'More']"
43302365960474624,"@thekwgalaxy i didnt know you can sing, you got skillz",[]
42916900300275712,Twitter tool - translate your tweets into 40+ languages with http://www.tweettranslate.com/,"['tweets', 'languages', 'Twitter', 'translate', 'tool']"
46642122090225664,"#NP ""Crazy""- The Boys - *heeeeey*","['NP', 'Boys', 'Crazy']"
49574836141432832,RT @Toby_Nuvo: #winning @NICQUEENCOLE @NBclassiB @SkyeTunes @crystalisbarbie @jon_onechance @PlayboyMic @nbpip (cont) http://tl.gd/9cudoh,[]
43027463768510465,@Original_Cindy  its called turn it up,[]
12921522515607552,This Friday Ben will perform a benefit show in Charleston for the family of Andy Kotowitcz. Come show your support: http://bit.ly/gvRdlH,"['benefit show', 'family', 'show', 'support', 'Friday', 'will', 'benefit', 'Andy', 'Charleston', 'Come']"
50070930520678400,RT @zeech: @AFineFrenzy In honor of World Forest Day! I love the outdoors! http://tumblr.com/xeb1e9aj3m,"['RT', 'love', 'I', 'I love the', 'honor', 'Forest', 'World', 'World Forest Day', 'the', 'Day']"
40814631433932800,Leaving Kiev very encouraged about future NATO-Ukraine cooperations after good talk with Pres Yanukovych,"['ukraine', 'good', 'Kiev', 'Yanukovych', 'future', 'nato', 'Pres', 'talk']"
49278768791040000,"RT @norbuck: New post on my blog about Fellini, one of my favorite filmmakers.  Here's why... http://bit.ly/g7LFYp","['RT', 'blog', 'favorite', 'filmmakers', 'New post', 'my favorite', 'Here', 'one', 'Fellini', 'New', 'post', 'my', 'why']"
43067102386597888,@MrZou this ep is soooooooooooooo good,[]
46789708830883840,Jamilito letting a nutella calzone have it.  http://plixi.com/p/83636503,"['calzone', 'nutella']"
45784488596348929,Which childhood story would you miss the most? Peter Pan and Mary Plain for me. http://t.co/AJUMivm #IdMiss,"['me', 'story', 'would', 'would you', 'Plain', 'Mary', 'Mary Plain', 'Peter Pan', 'you', 'Peter', 'miss', 'childhood', 'Pan']"
49759331536748544,Hope its a hoax that would be awful.,"['hoax', 'awful', 'Hope']"
47880807968276480,RT @realjeffreyross: They say @anthonyjeselnik is the next Greg Giraldo... let's hope so. #TrumpRoast,"['RT', 'They say', 'Greg Giraldo', 'next', 'say', 'Greg', 'They', 'Giraldo', 'hope']"
48469010655883264,"More: ""The japanese people are not alone in this time of great trial""","['trial', 'people', 'this', 'in this time', 'not alone', 'japanese', 'alone', 'time', 'in', 'not', 'japanese people']"
19202519104229376,Fuck Twitter.,"['Twitter', 'Fuck']"
10048488691728385,Ben has announced a benefit show in Charleston on December 10th for the family of Andy Kotowitcz. Details here: http://bit.ly/gvRdlH,"['benefit show', 'family', 'show', 'December', 'here', 'December 10th', 'benefit', 'Andy', 'Details', 'Charleston', '10th']"
43614798763655168,DOE approves $102 million loan aid for Maine wind farm - http://newzfor.me/0/xzj,"['farm', 'loan', 'million', 'DOE', 'wind farm', 'aid', 'Maine', 'wind']"
49750364710375424,@BigWuat00 tonight,[]
18555112054071296,And to all a good night! http://bit.ly/g3QXqU,"['And', 'all', 'good', 'to', 'night']"
48429248725254144,Happy St. Patty's Day to all my Irish friends!,"['Irish', 'St', 'friends', 'Day', 'Happy']"
49751849506578432,@BigWuat00 no,[]
22311114322743296,Our friends at the BOH fan site @odetoboh spent some time over the holidays redesigning the page! Check it out http://www.odetoboh.net,"['fan site', 'Check it out', 'site', 'holidays', 'BOH', 'fan', 'time', 'it', 'out', 'friends', 'page', 'Check']"
50071455089692672,RT @highfivehalpal: @AFineFrenzy the trails by Griffith Observatory! http://t.co/CVWtb7n,"['RT', 'trails', 'Observatory', 'Griffith', 'Griffith Observatory']"
49208369554268160,@angelabingaman Thank you. #fgs,[]
49917812759732224,my cloud club housemates made me a homecoming banner. i love my cloud club housemates.  http://twitpic.com/4bvyzb,"['love', 'club', 'cloud club', 'cloud', 'housemates', 'banner', 'homecoming']"
50045183672320000,@neilhimself satan,['satan']
25426873597038593,Pictures of the week http://on.fb.me/hZR1UJ,"['week', 'Pictures']"
49926002511581184,"Questions to POTUS by Chilean press about Pinochet days, a reminder of just how much all of Latin America has changed in just one generation","['Chilean', 'Latin', 'generation', 'Pinochet', 'one', 'Questions', 'press', 'reminder', 'America', 'POTUS', 'Latin America']"
48924546715230208,"Man found alive in rubble of #Japan, say officials, trying to lean details. #ac360 10p","['lean', 'rubble', 'alive', 'say', 'officials', 'found alive', 'details', 'Japan', 'found', 'Accra', 'Man']"
50006488445485056,This seriously feels like the longest day ever... Its only 9:30? Ugh.,"['Ugh', 'like', 'longest day', 'feels like', 'feels', 'longest', 'day']"
43718751543238656,"@seojokes An SEO expert walks into a bar, pub, restaurant, Irish bar, club, cafe, uk pub, uk bars, irish bars london, pubs with food...","['Irish', 'bar', 'expert', 'restaurant', 'club', 'bars', 'pub', 'pubs', 'food', 'SEO expert', 'london', 'uk', 'walks', 'SEO', 'Irish bar', 'cafe']"
50189209125928960,yesterday was a ninja day therefore today will be a pirate day. balance must be maintained at all costs.,"['at all costs', 'all', 'ninja day', 'yesterday', 'pirate', 'will', 'must', 'costs', 'at', 'ninja', 'balance', 'day', 'today', 'pirate day']"
49417192063778816,@wyclef yo u ight????????!!!!!!!!!!,[]
45323108768419840,"Stay up Hawk Fans. We are going through a slump, but we have to stay positive. Go Hawks!","['stay positive', 'We', 'stay', 'positive', 'Hawks', 'slump', 'up', 'Stay', 'We are', 'Fans', 'are', 'Go', 'Hawk']"
43718281760210944,Hi  everyone - thanks for the mention. Appreciate it :) @shastamarquina4 @aliyazaidi @econsultancy,[]
50070994060181504,"RT @VermaasAudio: I'm 5 minutes late for forest day, but still celebrating @AFineFrenzy http://t.co/drfoEQh","['RT', 'm 5', 'still', 'm', '5', 'forest', 'forest day', ""I'm"", '5 minutes', 'minutes', 'day']"
47083493943017472,@HoneyEyes91,[]
46583657066020864,"I posted 12 photos on Facebook in the album ""DIY Baby Shower Decorations For My Friend Jessie's Shower"" http://fb.me/CzJseDPF","['album', 'Jessie', 'My Friend', 'Shower', 'photos', 'Facebook', 'DIY', 'Decorations', 'Baby', 'Baby Shower', 'My', 'Friend']"
46184722304483328,It is a terrible earthquake and tsunami that happened earlier this morning in the Pacific.,"['this', 'terrible', 'Pacific', 'morning', 'this morning', 'tsunami', 'earthquake']"
45788610229829632,"Am part of #twitrelief which starts today. If you want me to follow you, go to http://t.co/Sb6pfTz or follow @twitrelief",[]
50078208321785857,RT @lfelts24: @afinefrenzy nothing like the northwoods and the place I call home :) http://twitpic.com/4c10ug,"['nothing', 'home', 'northwoods', 'call']"
49440068686970881,@dalifeofbryan bagel? Lol,"['bagel', 'Lol']"
7467898998104065,"Happy to have met President Pratibha Patil of India. UAE/India share a strong trade partnership, trust, mutual respect & common tradition","['mutual', 'trust', 'share', 'partnership', 'India', 'Patil', 'met', 'Pratibha Patil', 'common', 'respect', 'trade', 'President', 'tradition', 'strong', 'UAE', 'Pratibha', 'Happy']"
50078280157638656,RT @JohannaDuBois: @AFineFrenzy Rockies Mntn Ntl Park http://plixi.com/p/85940899,"['RT', 'Rockies', 'Park', 'Ntl']"
41037040686600192,The situation in Libya is of great concern. NATO can act as an enabler and coordinator if and when member states will take action,"['states', 'member states', 'Libya', 'member', 'will', 'NATO', 'can', 'action', 'enabler', 'concern', 'if']"
18815381573472256,If I was seated behind the commentators I would stand up & walk down invisible stairs then pop back up like i'm riding an elevator lol,"['back', 'elevator', 'cheated', 'I', 'stairs', 'If I was', 'up', 'pop', 'walk', 'down', 'stand', 'stand up', 'invisible', 'riding', 'commentators', 'back up', 'was', ""i'm"", 'lol', 'If']"
49662588350496769,michelle  http://twitpic.com/4bnpxu,[]
50247800469987328,Global Advertising Executive David Jones Will Deliver Keynote at Mashable Connect 2011 - http://on.mash.to/g1SnqI #MashCon,"['Jones', 'Keynote', 'Executive', 'Deliver', 'Global', 'David Jones', 'David', 'Will', 'Mashable', 'Advertising', 'Connect']"
49350522653777920,"@JessicaLuvsHS thank you! they raised over a 100k to build wells in areas that need them desperately, thanks for supporting!","['desperately', '100k', 'thank', 'wells', 'thank you', 'thanks', 'you']"
49126248701632512,Post-Dispatch: Wither St. Louis? Editorial cartoon and editorial on Prop E http://bit.ly/gIfgcd,"['Editorial cartoon', 'Post-Dispatch', 'Louis', 'dispatch', 'St', 'Wither', 'Editorial', 'post', 'Prop', 'St Louis', 'cartoon']"
43716009273729024,@travelling_wolf A seminar on a Friday evening?! #crazy,"['on', 'crazy', 'evening', 'Friday', 'wolf', 'on a Friday', 'travelling', 'seminar']"
